Time [s], Packet ID, LED Index, Red, Green, Blue, Web-CSS
0.006003770000000,0,0,0xFF,0x2E,0x00,#ff2e00
0.006033770000000,0,1,0x00,0x00,0x00,#000000
0.006063780000000,0,2,0x00,0x00,0x00,#000000
0.006093780000000,0,3,0x00,0x00,0x00,#000000
0.006123780000000,0,4,0x00,0x00,0x00,#000000
0.006153780000000,0,5,0x00,0x00,0x00,#000000
0.006183780000000,0,6,0x00,0x00,0x00,#000000
0.006213780000000,0,7,0x00,0x00,0x00,#000000
0.006243780000000,0,8,0x00,0x00,0x00,#000000
0.006273780000000,0,9,0x00,0x00,0x00,#000000
0.006303780000000,0,10,0x00,0x00,0x00,#000000
0.006333780000000,0,11,0x00,0x00,0x00,#000000
0.006363780000000,0,12,0x00,0x00,0x00,#000000
0.006393780000000,0,13,0x00,0x00,0x00,#000000
0.006423780000000,0,14,0x00,0x00,0x00,#000000
0.006453790000000,0,15,0x00,0x00,0x00,#000000
0.016096480000000,0,0,0xFF,0x2E,0x00,#ff2e00
0.016126480000000,0,1,0x00,0x00,0x00,#000000
0.016156480000000,0,2,0x00,0x00,0x00,#000000
0.016186480000000,0,3,0x00,0x00,0x00,#000000
0.016216480000000,0,4,0x00,0x00,0x00,#000000
0.016246490000000,0,5,0x00,0x00,0x00,#000000
0.016276490000000,0,6,0x00,0x00,0x00,#000000
0.016306490000000,0,7,0x00,0x00,0x00,#000000
0.016336490000000,0,8,0x00,0x00,0x00,#000000
0.016366490000000,0,9,0x00,0x00,0x00,#000000
0.016396490000000,0,10,0x00,0x00,0x00,#000000
0.016426490000000,0,11,0x00,0x00,0x00,#000000
0.016456490000000,0,12,0x00,0x00,0x00,#000000
0.016486490000000,0,13,0x00,0x00,0x00,#000000
0.016516490000000,0,14,0x00,0x00,0x00,#000000
0.016546490000000,0,15,0x00,0x00,0x00,#000000
0.027283970000000,0,0,0xFF,0x2E,0x00,#ff2e00
0.027313970000000,0,1,0x00,0x00,0x00,#000000
0.027343970000000,0,2,0x00,0x00,0x00,#000000
0.027373970000000,0,3,0x00,0x00,0x00,#000000
0.027403970000000,0,4,0x00,0x00,0x00,#000000
0.027433970000000,0,5,0x00,0x00,0x00,#000000
0.027463970000000,0,6,0x00,0x00,0x00,#000000
0.027493970000000,0,7,0x00,0x00,0x00,#000000
0.027523970000000,0,8,0x00,0x00,0x00,#000000
0.027553970000000,0,9,0x00,0x00,0x00,#000000
0.027583980000000,0,10,0x00,0x00,0x00,#000000
0.027613980000000,0,11,0x00,0x00,0x00,#000000
0.027643980000000,0,12,0x00,0x00,0x00,#000000
0.027673980000000,0,13,0x00,0x00,0x00,#000000
0.027703980000000,0,14,0x00,0x00,0x00,#000000
0.027733980000000,0,15,0x00,0x00,0x00,#000000
0.038136950000000,0,0,0xFF,0x2E,0x00,#ff2e00
0.038166940000000,0,1,0x00,0x00,0x00,#000000
0.038196950000000,0,2,0x00,0x00,0x00,#000000
0.038226950000000,0,3,0x00,0x00,0x00,#000000
0.038256950000000,0,4,0x00,0x00,0x00,#000000
0.038286950000000,0,5,0x00,0x00,0x00,#000000
0.038316950000000,0,6,0x00,0x00,0x00,#000000
0.038346950000000,0,7,0x00,0x00,0x00,#000000
0.038376950000000,0,8,0x00,0x00,0x00,#000000
0.038406950000000,0,9,0x00,0x00,0x00,#000000
0.038436950000000,0,10,0x00,0x00,0x00,#000000
0.038466950000000,0,11,0x00,0x00,0x00,#000000
0.038496950000000,0,12,0x00,0x00,0x00,#000000
0.038526950000000,0,13,0x00,0x00,0x00,#000000
0.038556950000000,0,14,0x00,0x00,0x00,#000000
0.038586960000000,0,15,0x00,0x00,0x00,#000000
0.049255230000000,0,0,0xFF,0x2E,0x00,#ff2e00
0.049285230000000,0,1,0x00,0x00,0x00,#000000
0.049315230000000,0,2,0x00,0x00,0x00,#000000
0.049345230000000,0,3,0x00,0x00,0x00,#000000
0.049375230000000,0,4,0x00,0x00,0x00,#000000
0.049405230000000,0,5,0x00,0x00,0x00,#000000
0.049435230000000,0,6,0x00,0x00,0x00,#000000
0.049465230000000,0,7,0x00,0x00,0x00,#000000
0.049495230000000,0,8,0x00,0x00,0x00,#000000
0.049525240000000,0,9,0x00,0x00,0x00,#000000
0.049555240000000,0,10,0x00,0x00,0x00,#000000
0.049585240000000,0,11,0x00,0x00,0x00,#000000
0.049615240000000,0,12,0x00,0x00,0x00,#000000
0.049645240000000,0,13,0x00,0x00,0x00,#000000
0.049675240000000,0,14,0x00,0x00,0x00,#000000
0.049705240000000,0,15,0x00,0x00,0x00,#000000
0.060301760000000,0,0,0xFF,0x2E,0x00,#ff2e00
0.060331760000000,0,1,0x00,0x00,0x00,#000000
0.060361760000000,0,2,0x00,0x00,0x00,#000000
0.060391760000000,0,3,0x00,0x00,0x00,#000000
0.060421760000000,0,4,0x00,0x00,0x00,#000000
0.060451760000000,0,5,0x00,0x00,0x00,#000000
0.060481760000000,0,6,0x00,0x00,0x00,#000000
0.060511770000000,0,7,0x00,0x00,0x00,#000000
0.060541770000000,0,8,0x00,0x00,0x00,#000000
0.060571770000000,0,9,0x00,0x00,0x00,#000000
0.060601770000000,0,10,0x00,0x00,0x00,#000000
0.060631770000000,0,11,0x00,0x00,0x00,#000000
0.060661770000000,0,12,0x00,0x00,0x00,#000000
0.060691770000000,0,13,0x00,0x00,0x00,#000000
0.060721770000000,0,14,0x00,0x00,0x00,#000000
0.060751770000000,0,15,0x00,0x00,0x00,#000000
0.071133540000000,0,0,0xFF,0x2E,0x00,#ff2e00
0.071163540000000,0,1,0x00,0x00,0x00,#000000
0.071193540000000,0,2,0x00,0x00,0x00,#000000
0.071223540000000,0,3,0x00,0x00,0x00,#000000
0.071253540000000,0,4,0x00,0x00,0x00,#000000
0.071283540000000,0,5,0x00,0x00,0x00,#000000
0.071313540000000,0,6,0x00,0x00,0x00,#000000
0.071343540000000,0,7,0x00,0x00,0x00,#000000
0.071373540000000,0,8,0x00,0x00,0x00,#000000
0.071403540000000,0,9,0x00,0x00,0x00,#000000
0.071433540000000,0,10,0x00,0x00,0x00,#000000
0.071463550000000,0,11,0x00,0x00,0x00,#000000
0.071493550000000,0,12,0x00,0x00,0x00,#000000
0.071523550000000,0,13,0x00,0x00,0x00,#000000
0.071553550000000,0,14,0x00,0x00,0x00,#000000
0.071583550000000,0,15,0x00,0x00,0x00,#000000
0.082036820000000,0,0,0xFF,0x2E,0x00,#ff2e00
0.082066820000000,0,1,0x00,0x00,0x00,#000000
0.082096820000000,0,2,0x00,0x00,0x00,#000000
0.082126820000000,0,3,0x00,0x00,0x00,#000000
0.082156820000000,0,4,0x00,0x00,0x00,#000000
0.082186820000000,0,5,0x00,0x00,0x00,#000000
0.082216820000000,0,6,0x00,0x00,0x00,#000000
0.082246820000000,0,7,0x00,0x00,0x00,#000000
0.082276820000000,0,8,0x00,0x00,0x00,#000000
0.082306820000000,0,9,0x00,0x00,0x00,#000000
0.082336820000000,0,10,0x00,0x00,0x00,#000000
0.082366820000000,0,11,0x00,0x00,0x00,#000000
0.082396820000000,0,12,0x00,0x00,0x00,#000000
0.082426830000000,0,13,0x00,0x00,0x00,#000000
0.082456830000000,0,14,0x00,0x00,0x00,#000000
0.082486830000000,0,15,0x00,0x00,0x00,#000000
0.093224750000000,0,0,0xFF,0x2E,0x00,#ff2e00
0.093254750000000,0,1,0x00,0x00,0x00,#000000
0.093284750000000,0,2,0x00,0x00,0x00,#000000
0.093314750000000,0,3,0x00,0x00,0x00,#000000
0.093344750000000,0,4,0x00,0x00,0x00,#000000
0.093374760000000,0,5,0x00,0x00,0x00,#000000
0.093404760000000,0,6,0x00,0x00,0x00,#000000
0.093434760000000,0,7,0x00,0x00,0x00,#000000
0.093464760000000,0,8,0x00,0x00,0x00,#000000
0.093494760000000,0,9,0x00,0x00,0x00,#000000
0.093524760000000,0,10,0x00,0x00,0x00,#000000
0.093554760000000,0,11,0x00,0x00,0x00,#000000
0.093584760000000,0,12,0x00,0x00,0x00,#000000
0.093614760000000,0,13,0x00,0x00,0x00,#000000
0.093644760000000,0,14,0x00,0x00,0x00,#000000
0.093674760000000,0,15,0x00,0x00,0x00,#000000
0.104848350000000,0,0,0xFF,0x2E,0x00,#ff2e00
0.104878350000000,0,1,0x00,0x00,0x00,#000000
0.104908350000000,0,2,0x00,0x00,0x00,#000000
0.104938350000000,0,3,0x00,0x00,0x00,#000000
0.104968350000000,0,4,0x00,0x00,0x00,#000000
0.104998350000000,0,5,0x00,0x00,0x00,#000000
0.105028350000000,0,6,0x00,0x00,0x00,#000000
0.105058350000000,0,7,0x00,0x00,0x00,#000000
0.105088350000000,0,8,0x00,0x00,0x00,#000000
0.105118360000000,0,9,0x00,0x00,0x00,#000000
0.105148350000000,0,10,0x00,0x00,0x00,#000000
0.105178360000000,0,11,0x00,0x00,0x00,#000000
0.105208360000000,0,12,0x00,0x00,0x00,#000000
0.105238360000000,0,13,0x00,0x00,0x00,#000000
0.105268360000000,0,14,0x00,0x00,0x00,#000000
0.105298360000000,0,15,0x00,0x00,0x00,#000000
0.115037660000000,0,0,0xFF,0x2E,0x00,#ff2e00
0.115067660000000,0,1,0x00,0x00,0x00,#000000
0.115097660000000,0,2,0x00,0x00,0x00,#000000
0.115127660000000,0,3,0x00,0x00,0x00,#000000
0.115157660000000,0,4,0x00,0x00,0x00,#000000
0.115187660000000,0,5,0x00,0x00,0x00,#000000
0.115217660000000,0,6,0x00,0x00,0x00,#000000
0.115247660000000,0,7,0x00,0x00,0x00,#000000
0.115277660000000,0,8,0x00,0x00,0x00,#000000
0.115307670000000,0,9,0x00,0x00,0x00,#000000
0.115337670000000,0,10,0x00,0x00,0x00,#000000
0.115367670000000,0,11,0x00,0x00,0x00,#000000
0.115397670000000,0,12,0x00,0x00,0x00,#000000
0.115427670000000,0,13,0x00,0x00,0x00,#000000
0.115457670000000,0,14,0x00,0x00,0x00,#000000
0.115487670000000,0,15,0x00,0x00,0x00,#000000
0.126250050000000,0,0,0xFF,0x2E,0x00,#ff2e00
0.126280050000000,0,1,0x00,0x00,0x00,#000000
0.126310050000000,0,2,0x00,0x00,0x00,#000000
0.126340050000000,0,3,0x00,0x00,0x00,#000000
0.126370050000000,0,4,0x00,0x00,0x00,#000000
0.126400050000000,0,5,0x00,0x00,0x00,#000000
0.126430050000000,0,6,0x00,0x00,0x00,#000000
0.126460050000000,0,7,0x00,0x00,0x00,#000000
0.126490050000000,0,8,0x00,0x00,0x00,#000000
0.126520050000000,0,9,0x00,0x00,0x00,#000000
0.126550050000000,0,10,0x00,0x00,0x00,#000000
0.126580050000000,0,11,0x00,0x00,0x00,#000000
0.126610050000000,0,12,0x00,0x00,0x00,#000000
0.126640050000000,0,13,0x00,0x00,0x00,#000000
0.126670060000000,0,14,0x00,0x00,0x00,#000000
0.126700060000000,0,15,0x00,0x00,0x00,#000000
0.137128720000000,0,0,0xFF,0x2E,0x00,#ff2e00
0.137158720000000,0,1,0x00,0x00,0x00,#000000
0.137188720000000,0,2,0x00,0x00,0x00,#000000
0.137218720000000,0,3,0x00,0x00,0x00,#000000
0.137248730000000,0,4,0x00,0x00,0x00,#000000
0.137278730000000,0,5,0x00,0x00,0x00,#000000
0.137308730000000,0,6,0x00,0x00,0x00,#000000
0.137338730000000,0,7,0x00,0x00,0x00,#000000
0.137368730000000,0,8,0x00,0x00,0x00,#000000
0.137398730000000,0,9,0x00,0x00,0x00,#000000
0.137428730000000,0,10,0x00,0x00,0x00,#000000
0.137458730000000,0,11,0x00,0x00,0x00,#000000
0.137488730000000,0,12,0x00,0x00,0x00,#000000
0.137518730000000,0,13,0x00,0x00,0x00,#000000
0.137548730000000,0,14,0x00,0x00,0x00,#000000
0.137578730000000,0,15,0x00,0x00,0x00,#000000
0.148038500000000,0,0,0xFF,0x2E,0x00,#ff2e00
0.148068500000000,0,1,0x00,0x00,0x00,#000000
0.148098500000000,0,2,0x00,0x00,0x00,#000000
0.148128500000000,0,3,0x00,0x00,0x00,#000000
0.148158500000000,0,4,0x00,0x00,0x00,#000000
0.148188500000000,0,5,0x00,0x00,0x00,#000000
0.148218510000000,0,6,0x00,0x00,0x00,#000000
0.148248510000000,0,7,0x00,0x00,0x00,#000000
0.148278510000000,0,8,0x00,0x00,0x00,#000000
0.148308510000000,0,9,0x00,0x00,0x00,#000000
0.148338510000000,0,10,0x00,0x00,0x00,#000000
0.148368510000000,0,11,0x00,0x00,0x00,#000000
0.148398510000000,0,12,0x00,0x00,0x00,#000000
0.148428510000000,0,13,0x00,0x00,0x00,#000000
0.148458510000000,0,14,0x00,0x00,0x00,#000000
0.148488510000000,0,15,0x00,0x00,0x00,#000000
0.159260240000000,0,0,0xFF,0x2E,0x00,#ff2e00
0.159290240000000,0,1,0x00,0x00,0x00,#000000
0.159320240000000,0,2,0x00,0x00,0x00,#000000
0.159350240000000,0,3,0x00,0x00,0x00,#000000
0.159380240000000,0,4,0x00,0x00,0x00,#000000
0.159410240000000,0,5,0x00,0x00,0x00,#000000
0.159440240000000,0,6,0x00,0x00,0x00,#000000
0.159470240000000,0,7,0x00,0x00,0x00,#000000
0.159500240000000,0,8,0x00,0x00,0x00,#000000
0.159530240000000,0,9,0x00,0x00,0x00,#000000
0.159560250000000,0,10,0x00,0x00,0x00,#000000
0.159590250000000,0,11,0x00,0x00,0x00,#000000
0.159620250000000,0,12,0x00,0x00,0x00,#000000
0.159650250000000,0,13,0x00,0x00,0x00,#000000
0.159680250000000,0,14,0x00,0x00,0x00,#000000
0.159710250000000,0,15,0x00,0x00,0x00,#000000
0.170129420000000,0,0,0xFF,0x2E,0x00,#ff2e00
0.170159420000000,0,1,0x00,0x00,0x00,#000000
0.170189420000000,0,2,0x00,0x00,0x00,#000000
0.170219420000000,0,3,0x00,0x00,0x00,#000000
0.170249420000000,0,4,0x00,0x00,0x00,#000000
0.170279420000000,0,5,0x00,0x00,0x00,#000000
0.170309420000000,0,6,0x00,0x00,0x00,#000000
0.170339420000000,0,7,0x00,0x00,0x00,#000000
0.170369420000000,0,8,0x00,0x00,0x00,#000000
0.170399420000000,0,9,0x00,0x00,0x00,#000000
0.170429420000000,0,10,0x00,0x00,0x00,#000000
0.170459420000000,0,11,0x00,0x00,0x00,#000000
0.170489420000000,0,12,0x00,0x00,0x00,#000000
0.170519430000000,0,13,0x00,0x00,0x00,#000000
0.170549430000000,0,14,0x00,0x00,0x00,#000000
0.170579430000000,0,15,0x00,0x00,0x00,#000000
0.181039340000000,0,0,0xFF,0x2E,0x00,#ff2e00
0.181069340000000,0,1,0x00,0x00,0x00,#000000
0.181099350000000,0,2,0x00,0x00,0x00,#000000
0.181129350000000,0,3,0x00,0x00,0x00,#000000
0.181159350000000,0,4,0x00,0x00,0x00,#000000
0.181189350000000,0,5,0x00,0x00,0x00,#000000
0.181219350000000,0,6,0x00,0x00,0x00,#000000
0.181249350000000,0,7,0x00,0x00,0x00,#000000
0.181279350000000,0,8,0x00,0x00,0x00,#000000
0.181309350000000,0,9,0x00,0x00,0x00,#000000
0.181339350000000,0,10,0x00,0x00,0x00,#000000
0.181369350000000,0,11,0x00,0x00,0x00,#000000
0.181399350000000,0,12,0x00,0x00,0x00,#000000
0.181429350000000,0,13,0x00,0x00,0x00,#000000
0.181459350000000,0,14,0x00,0x00,0x00,#000000
0.181489360000000,0,15,0x00,0x00,0x00,#000000
0.192256280000000,0,0,0xFF,0x2E,0x00,#ff2e00
0.192286280000000,0,1,0x00,0x00,0x00,#000000
0.192316280000000,0,2,0x00,0x00,0x00,#000000
0.192346280000000,0,3,0x00,0x00,0x00,#000000
0.192376280000000,0,4,0x00,0x00,0x00,#000000
0.192406280000000,0,5,0x00,0x00,0x00,#000000
0.192436290000000,0,6,0x00,0x00,0x00,#000000
0.192466290000000,0,7,0x00,0x00,0x00,#000000
0.192496290000000,0,8,0x00,0x00,0x00,#000000
0.192526290000000,0,9,0x00,0x00,0x00,#000000
0.192556290000000,0,10,0x00,0x00,0x00,#000000
0.192586290000000,0,11,0x00,0x00,0x00,#000000
0.192616290000000,0,12,0x00,0x00,0x00,#000000
0.192646290000000,0,13,0x00,0x00,0x00,#000000
0.192676290000000,0,14,0x00,0x00,0x00,#000000
0.192706290000000,0,15,0x00,0x00,0x00,#000000
0.203130060000000,0,0,0xFF,0x2E,0x00,#ff2e00
0.203160060000000,0,1,0x00,0x00,0x00,#000000
0.203190060000000,0,2,0x00,0x00,0x00,#000000
0.203220060000000,0,3,0x00,0x00,0x00,#000000
0.203250060000000,0,4,0x00,0x00,0x00,#000000
0.203280060000000,0,5,0x00,0x00,0x00,#000000
0.203310060000000,0,6,0x00,0x00,0x00,#000000
0.203340060000000,0,7,0x00,0x00,0x00,#000000
0.203370060000000,0,8,0x00,0x00,0x00,#000000
0.203400060000000,0,9,0x00,0x00,0x00,#000000
0.203430070000000,0,10,0x00,0x00,0x00,#000000
0.203460070000000,0,11,0x00,0x00,0x00,#000000
0.203490070000000,0,12,0x00,0x00,0x00,#000000
0.203520070000000,0,13,0x00,0x00,0x00,#000000
0.203550070000000,0,14,0x00,0x00,0x00,#000000
0.203580070000000,0,15,0x00,0x00,0x00,#000000
0.214040190000000,0,0,0xFF,0x2E,0x00,#ff2e00
0.214070190000000,0,1,0x00,0x00,0x00,#000000
0.214100190000000,0,2,0x00,0x00,0x00,#000000
0.214130190000000,0,3,0x00,0x00,0x00,#000000
0.214160190000000,0,4,0x00,0x00,0x00,#000000
0.214190190000000,0,5,0x00,0x00,0x00,#000000
0.214220190000000,0,6,0x00,0x00,0x00,#000000
0.214250190000000,0,7,0x00,0x00,0x00,#000000
0.214280190000000,0,8,0x00,0x00,0x00,#000000
0.214310190000000,0,9,0x00,0x00,0x00,#000000
0.214340190000000,0,10,0x00,0x00,0x00,#000000
0.214370200000000,0,11,0x00,0x00,0x00,#000000
0.214400200000000,0,12,0x00,0x00,0x00,#000000
0.214430200000000,0,13,0x00,0x00,0x00,#000000
0.214460200000000,0,14,0x00,0x00,0x00,#000000
0.214490200000000,0,15,0x00,0x00,0x00,#000000
0.225331980000000,0,0,0xFF,0x2E,0x00,#ff2e00
0.225361980000000,0,1,0x00,0x00,0x00,#000000
0.225391980000000,0,2,0x00,0x00,0x00,#000000
0.225421980000000,0,3,0x00,0x00,0x00,#000000
0.225451980000000,0,4,0x00,0x00,0x00,#000000
0.225481980000000,0,5,0x00,0x00,0x00,#000000
0.225511980000000,0,6,0x00,0x00,0x00,#000000
0.225541980000000,0,7,0x00,0x00,0x00,#000000
0.225571980000000,0,8,0x00,0x00,0x00,#000000
0.225601980000000,0,9,0x00,0x00,0x00,#000000
0.225631980000000,0,10,0x00,0x00,0x00,#000000
0.225661980000000,0,11,0x00,0x00,0x00,#000000
0.225691980000000,0,12,0x00,0x00,0x00,#000000
0.225721990000000,0,13,0x00,0x00,0x00,#000000
0.225751990000000,0,14,0x00,0x00,0x00,#000000
0.225781990000000,0,15,0x00,0x00,0x00,#000000
0.236135550000000,0,0,0xFF,0x2E,0x00,#ff2e00
0.236165550000000,0,1,0x00,0x00,0x00,#000000
0.236195550000000,0,2,0x00,0x00,0x00,#000000
0.236225550000000,0,3,0x00,0x00,0x00,#000000
0.236255550000000,0,4,0x00,0x00,0x00,#000000
0.236285550000000,0,5,0x00,0x00,0x00,#000000
0.236315560000000,0,6,0x00,0x00,0x00,#000000
0.236345560000000,0,7,0x00,0x00,0x00,#000000
0.236375560000000,0,8,0x00,0x00,0x00,#000000
0.236405560000000,0,9,0x00,0x00,0x00,#000000
0.236435560000000,0,10,0x00,0x00,0x00,#000000
0.236465560000000,0,11,0x00,0x00,0x00,#000000
0.236495560000000,0,12,0x00,0x00,0x00,#000000
0.236525560000000,0,13,0x00,0x00,0x00,#000000
0.236555560000000,0,14,0x00,0x00,0x00,#000000
0.236585560000000,0,15,0x00,0x00,0x00,#000000
0.247041530000000,0,0,0xFF,0x2E,0x00,#ff2e00
0.247071530000000,0,1,0x00,0x00,0x00,#000000
0.247101530000000,0,2,0x00,0x00,0x00,#000000
0.247131530000000,0,3,0x00,0x00,0x00,#000000
0.247161530000000,0,4,0x00,0x00,0x00,#000000
0.247191530000000,0,5,0x00,0x00,0x00,#000000
0.247221530000000,0,6,0x00,0x00,0x00,#000000
0.247251530000000,0,7,0x00,0x00,0x00,#000000
0.247281540000000,0,8,0x00,0x00,0x00,#000000
0.247311540000000,0,9,0x00,0x00,0x00,#000000
0.247341540000000,0,10,0x00,0x00,0x00,#000000
0.247371540000000,0,11,0x00,0x00,0x00,#000000
0.247401540000000,0,12,0x00,0x00,0x00,#000000
0.247431540000000,0,13,0x00,0x00,0x00,#000000
0.247461540000000,0,14,0x00,0x00,0x00,#000000
0.247491540000000,0,15,0x00,0x00,0x00,#000000
0.258228370000000,0,0,0xFF,0x2E,0x00,#ff2e00
0.258258370000000,0,1,0x00,0x00,0x00,#000000
0.258288370000000,0,2,0x00,0x00,0x00,#000000
0.258318370000000,0,3,0x00,0x00,0x00,#000000
0.258348370000000,0,4,0x00,0x00,0x00,#000000
0.258378370000000,0,5,0x00,0x00,0x00,#000000
0.258408370000000,0,6,0x00,0x00,0x00,#000000
0.258438370000000,0,7,0x00,0x00,0x00,#000000
0.258468370000000,0,8,0x00,0x00,0x00,#000000
0.258498370000000,0,9,0x00,0x00,0x00,#000000
0.258528370000000,0,10,0x00,0x00,0x00,#000000
0.258558370000000,0,11,0x00,0x00,0x00,#000000
0.258588370000000,0,12,0x00,0x00,0x00,#000000
0.258618380000000,0,13,0x00,0x00,0x00,#000000
0.258648380000000,0,14,0x00,0x00,0x00,#000000
0.258678380000000,0,15,0x00,0x00,0x00,#000000
0.269136390000000,0,0,0xFF,0x2E,0x00,#ff2e00
0.269166390000000,0,1,0x00,0x00,0x00,#000000
0.269196400000000,0,2,0x00,0x00,0x00,#000000
0.269226400000000,0,3,0x00,0x00,0x00,#000000
0.269256400000000,0,4,0x00,0x00,0x00,#000000
0.269286400000000,0,5,0x00,0x00,0x00,#000000
0.269316400000000,0,6,0x00,0x00,0x00,#000000
0.269346400000000,0,7,0x00,0x00,0x00,#000000
0.269376400000000,0,8,0x00,0x00,0x00,#000000
0.269406400000000,0,9,0x00,0x00,0x00,#000000
0.269436400000000,0,10,0x00,0x00,0x00,#000000
0.269466400000000,0,11,0x00,0x00,0x00,#000000
0.269496400000000,0,12,0x00,0x00,0x00,#000000
0.269526400000000,0,13,0x00,0x00,0x00,#000000
0.269556400000000,0,14,0x00,0x00,0x00,#000000
0.269586410000000,0,15,0x00,0x00,0x00,#000000
0.280045120000000,0,0,0xFF,0x2E,0x00,#ff2e00
0.280075120000000,0,1,0x00,0x00,0x00,#000000
0.280105120000000,0,2,0x00,0x00,0x00,#000000
0.280135120000000,0,3,0x00,0x00,0x00,#000000
0.280165130000000,0,4,0x00,0x00,0x00,#000000
0.280195130000000,0,5,0x00,0x00,0x00,#000000
0.280225130000000,0,6,0x00,0x00,0x00,#000000
0.280255130000000,0,7,0x00,0x00,0x00,#000000
0.280285130000000,0,8,0x00,0x00,0x00,#000000
0.280315130000000,0,9,0x00,0x00,0x00,#000000
0.280345130000000,0,10,0x00,0x00,0x00,#000000
0.280375130000000,0,11,0x00,0x00,0x00,#000000
0.280405130000000,0,12,0x00,0x00,0x00,#000000
0.280435130000000,0,13,0x00,0x00,0x00,#000000
0.280465130000000,0,14,0x00,0x00,0x00,#000000
0.280495130000000,0,15,0x00,0x00,0x00,#000000
0.291352060000000,0,0,0xFF,0x2E,0x00,#ff2e00
0.291382060000000,0,1,0x00,0x00,0x00,#000000
0.291412060000000,0,2,0x00,0x00,0x00,#000000
0.291442060000000,0,3,0x00,0x00,0x00,#000000
0.291472060000000,0,4,0x00,0x00,0x00,#000000
0.291502060000000,0,5,0x00,0x00,0x00,#000000
0.291532070000000,0,6,0x00,0x00,0x00,#000000
0.291562070000000,0,7,0x00,0x00,0x00,#000000
0.291592070000000,0,8,0x00,0x00,0x00,#000000
0.291622070000000,0,9,0x00,0x00,0x00,#000000
0.291652070000000,0,10,0x00,0x00,0x00,#000000
0.291682070000000,0,11,0x00,0x00,0x00,#000000
0.291712070000000,0,12,0x00,0x00,0x00,#000000
0.291742070000000,0,13,0x00,0x00,0x00,#000000
0.291772070000000,0,14,0x00,0x00,0x00,#000000
0.291802070000000,0,15,0x00,0x00,0x00,#000000
0.302338390000000,0,0,0xFF,0x2E,0x00,#ff2e00
0.302368390000000,0,1,0x00,0x00,0x00,#000000
0.302398390000000,0,2,0x00,0x00,0x00,#000000
0.302428390000000,0,3,0x00,0x00,0x00,#000000
0.302458390000000,0,4,0x00,0x00,0x00,#000000
0.302488400000000,0,5,0x00,0x00,0x00,#000000
0.302518400000000,0,6,0x00,0x00,0x00,#000000
0.302548400000000,0,7,0x00,0x00,0x00,#000000
0.302578400000000,0,8,0x00,0x00,0x00,#000000
0.302608400000000,0,9,0x00,0x00,0x00,#000000
0.302638400000000,0,10,0x00,0x00,0x00,#000000
0.302668400000000,0,11,0x00,0x00,0x00,#000000
0.302698400000000,0,12,0x00,0x00,0x00,#000000
0.302728400000000,0,13,0x00,0x00,0x00,#000000
0.302758400000000,0,14,0x00,0x00,0x00,#000000
0.302788400000000,0,15,0x00,0x00,0x00,#000000
0.313044020000000,0,0,0xFF,0x2E,0x00,#ff2e00
0.313074020000000,0,1,0x00,0x00,0x00,#000000
0.313104020000000,0,2,0x00,0x00,0x00,#000000
0.313134020000000,0,3,0x00,0x00,0x00,#000000
0.313164020000000,0,4,0x00,0x00,0x00,#000000
0.313194020000000,0,5,0x00,0x00,0x00,#000000
0.313224020000000,0,6,0x00,0x00,0x00,#000000
0.313254020000000,0,7,0x00,0x00,0x00,#000000
0.313284020000000,0,8,0x00,0x00,0x00,#000000
0.313314020000000,0,9,0x00,0x00,0x00,#000000
0.313344020000000,0,10,0x00,0x00,0x00,#000000
0.313374020000000,0,11,0x00,0x00,0x00,#000000
0.313404020000000,0,12,0x00,0x00,0x00,#000000
0.313434030000000,0,13,0x00,0x00,0x00,#000000
0.313464030000000,0,14,0x00,0x00,0x00,#000000
0.313494030000000,0,15,0x00,0x00,0x00,#000000
0.324322850000000,0,0,0xFF,0x2E,0x00,#ff2e00
0.324352850000000,0,1,0x00,0x00,0x00,#000000
0.324382850000000,0,2,0x00,0x00,0x00,#000000
0.324412860000000,0,3,0x00,0x00,0x00,#000000
0.324442860000000,0,4,0x00,0x00,0x00,#000000
0.324472860000000,0,5,0x00,0x00,0x00,#000000
0.324502860000000,0,6,0x00,0x00,0x00,#000000
0.324532860000000,0,7,0x00,0x00,0x00,#000000
0.324562860000000,0,8,0x00,0x00,0x00,#000000
0.324592860000000,0,9,0x00,0x00,0x00,#000000
0.324622860000000,0,10,0x00,0x00,0x00,#000000
0.324652860000000,0,11,0x00,0x00,0x00,#000000
0.324682860000000,0,12,0x00,0x00,0x00,#000000
0.324712860000000,0,13,0x00,0x00,0x00,#000000
0.324742860000000,0,14,0x00,0x00,0x00,#000000
0.324772860000000,0,15,0x00,0x00,0x00,#000000
0.335136030000000,0,0,0xFF,0x2E,0x00,#ff2e00
0.335166030000000,0,1,0x00,0x00,0x00,#000000
0.335196030000000,0,2,0x00,0x00,0x00,#000000
0.335226030000000,0,3,0x00,0x00,0x00,#000000
0.335256030000000,0,4,0x00,0x00,0x00,#000000
0.335286030000000,0,5,0x00,0x00,0x00,#000000
0.335316030000000,0,6,0x00,0x00,0x00,#000000
0.335346030000000,0,7,0x00,0x00,0x00,#000000
0.335376040000000,0,8,0x00,0x00,0x00,#000000
0.335406040000000,0,9,0x00,0x00,0x00,#000000
0.335436040000000,0,10,0x00,0x00,0x00,#000000
0.335466040000000,0,11,0x00,0x00,0x00,#000000
0.335496040000000,0,12,0x00,0x00,0x00,#000000
0.335526040000000,0,13,0x00,0x00,0x00,#000000
0.335556040000000,0,14,0x00,0x00,0x00,#000000
0.335586040000000,0,15,0x00,0x00,0x00,#000000
0.346043560000000,0,0,0xFF,0x2E,0x00,#ff2e00
0.346073560000000,0,1,0x00,0x00,0x00,#000000
0.346103560000000,0,2,0x00,0x00,0x00,#000000
0.346133560000000,0,3,0x00,0x00,0x00,#000000
0.346163560000000,0,4,0x00,0x00,0x00,#000000
0.346193560000000,0,5,0x00,0x00,0x00,#000000
0.346223560000000,0,6,0x00,0x00,0x00,#000000
0.346253560000000,0,7,0x00,0x00,0x00,#000000
0.346283560000000,0,8,0x00,0x00,0x00,#000000
0.346313560000000,0,9,0x00,0x00,0x00,#000000
0.346343570000000,0,10,0x00,0x00,0x00,#000000
0.346373570000000,0,11,0x00,0x00,0x00,#000000
0.346403570000000,0,12,0x00,0x00,0x00,#000000
0.346433570000000,0,13,0x00,0x00,0x00,#000000
0.346463570000000,0,14,0x00,0x00,0x00,#000000
0.346493570000000,0,15,0x00,0x00,0x00,#000000
0.357285900000000,0,0,0xFF,0x2E,0x00,#ff2e00
0.357315900000000,0,1,0x00,0x00,0x00,#000000
0.357345900000000,0,2,0x00,0x00,0x00,#000000
0.357375900000000,0,3,0x00,0x00,0x00,#000000
0.357405900000000,0,4,0x00,0x00,0x00,#000000
0.357435900000000,0,5,0x00,0x00,0x00,#000000
0.357465900000000,0,6,0x00,0x00,0x00,#000000
0.357495900000000,0,7,0x00,0x00,0x00,#000000
0.357525900000000,0,8,0x00,0x00,0x00,#000000
0.357555900000000,0,9,0x00,0x00,0x00,#000000
0.357585900000000,0,10,0x00,0x00,0x00,#000000
0.357615900000000,0,11,0x00,0x00,0x00,#000000
0.357645900000000,0,12,0x00,0x00,0x00,#000000
0.357675900000000,0,13,0x00,0x00,0x00,#000000
0.357705910000000,0,14,0x00,0x00,0x00,#000000
0.357735910000000,0,15,0x00,0x00,0x00,#000000
0.368137920000000,0,0,0xFF,0x2E,0x00,#ff2e00
0.368167920000000,0,1,0x00,0x00,0x00,#000000
0.368197920000000,0,2,0x00,0x00,0x00,#000000
0.368227920000000,0,3,0x00,0x00,0x00,#000000
0.368257930000000,0,4,0x00,0x00,0x00,#000000
0.368287930000000,0,5,0x00,0x00,0x00,#000000
0.368317930000000,0,6,0x00,0x00,0x00,#000000
0.368347930000000,0,7,0x00,0x00,0x00,#000000
0.368377930000000,0,8,0x00,0x00,0x00,#000000
0.368407930000000,0,9,0x00,0x00,0x00,#000000
0.368437930000000,0,10,0x00,0x00,0x00,#000000
0.368467930000000,0,11,0x00,0x00,0x00,#000000
0.368497930000000,0,12,0x00,0x00,0x00,#000000
0.368527930000000,0,13,0x00,0x00,0x00,#000000
0.368557930000000,0,14,0x00,0x00,0x00,#000000
0.368587930000000,0,15,0x00,0x00,0x00,#000000
0.379044850000000,0,0,0xFF,0x2E,0x00,#ff2e00
0.379074850000000,0,1,0x00,0x00,0x00,#000000
0.379104850000000,0,2,0x00,0x00,0x00,#000000
0.379134850000000,0,3,0x00,0x00,0x00,#000000
0.379164850000000,0,4,0x00,0x00,0x00,#000000
0.379194850000000,0,5,0x00,0x00,0x00,#000000
0.379224860000000,0,6,0x00,0x00,0x00,#000000
0.379254860000000,0,7,0x00,0x00,0x00,#000000
0.379284860000000,0,8,0x00,0x00,0x00,#000000
0.379314860000000,0,9,0x00,0x00,0x00,#000000
0.379344860000000,0,10,0x00,0x00,0x00,#000000
0.379374860000000,0,11,0x00,0x00,0x00,#000000
0.379404860000000,0,12,0x00,0x00,0x00,#000000
0.379434860000000,0,13,0x00,0x00,0x00,#000000
0.379464860000000,0,14,0x00,0x00,0x00,#000000
0.379494860000000,0,15,0x00,0x00,0x00,#000000
0.390265090000000,0,0,0xFF,0x2E,0x00,#ff2e00
0.390295090000000,0,1,0x00,0x00,0x00,#000000
0.390325090000000,0,2,0x00,0x00,0x00,#000000
0.390355090000000,0,3,0x00,0x00,0x00,#000000
0.390385090000000,0,4,0x00,0x00,0x00,#000000
0.390415090000000,0,5,0x00,0x00,0x00,#000000
0.390445090000000,0,6,0x00,0x00,0x00,#000000
0.390475090000000,0,7,0x00,0x00,0x00,#000000
0.390505090000000,0,8,0x00,0x00,0x00,#000000
0.390535090000000,0,9,0x00,0x00,0x00,#000000
0.390565090000000,0,10,0x00,0x00,0x00,#000000
0.390595100000000,0,11,0x00,0x00,0x00,#000000
0.390625100000000,0,12,0x00,0x00,0x00,#000000
0.390655100000000,0,13,0x00,0x00,0x00,#000000
0.390685100000000,0,14,0x00,0x00,0x00,#000000
0.390715100000000,0,15,0x00,0x00,0x00,#000000
0.401133370000000,0,0,0xFF,0x2E,0x00,#ff2e00
0.401163370000000,0,1,0x00,0x00,0x00,#000000
0.401193370000000,0,2,0x00,0x00,0x00,#000000
0.401223370000000,0,3,0x00,0x00,0x00,#000000
0.401253370000000,0,4,0x00,0x00,0x00,#000000
0.401283370000000,0,5,0x00,0x00,0x00,#000000
0.401313370000000,0,6,0x00,0x00,0x00,#000000
0.401343370000000,0,7,0x00,0x00,0x00,#000000
0.401373370000000,0,8,0x00,0x00,0x00,#000000
0.401403370000000,0,9,0x00,0x00,0x00,#000000
0.401433370000000,0,10,0x00,0x00,0x00,#000000
0.401463370000000,0,11,0x00,0x00,0x00,#000000
0.401493370000000,0,12,0x00,0x00,0x00,#000000
0.401523370000000,0,13,0x00,0x00,0x00,#000000
0.401553380000000,0,14,0x00,0x00,0x00,#000000
0.401583380000000,0,15,0x00,0x00,0x00,#000000
0.412046740000000,0,0,0xFF,0x2E,0x00,#ff2e00
0.412076740000000,0,1,0x00,0x00,0x00,#000000
0.412106740000000,0,2,0x00,0x00,0x00,#000000
0.412136750000000,0,3,0x00,0x00,0x00,#000000
0.412166750000000,0,4,0x00,0x00,0x00,#000000
0.412196750000000,0,5,0x00,0x00,0x00,#000000
0.412226750000000,0,6,0x00,0x00,0x00,#000000
0.412256750000000,0,7,0x00,0x00,0x00,#000000
0.412286750000000,0,8,0x00,0x00,0x00,#000000
0.412316750000000,0,9,0x00,0x00,0x00,#000000
0.412346750000000,0,10,0x00,0x00,0x00,#000000
0.412376750000000,0,11,0x00,0x00,0x00,#000000
0.412406750000000,0,12,0x00,0x00,0x00,#000000
0.412436750000000,0,13,0x00,0x00,0x00,#000000
0.412466750000000,0,14,0x00,0x00,0x00,#000000
0.412496750000000,0,15,0x00,0x00,0x00,#000000
0.423334830000000,0,0,0xFF,0x2E,0x00,#ff2e00
0.423364830000000,0,1,0x00,0x00,0x00,#000000
0.423394830000000,0,2,0x00,0x00,0x00,#000000
0.423424830000000,0,3,0x00,0x00,0x00,#000000
0.423454830000000,0,4,0x00,0x00,0x00,#000000
0.423484840000000,0,5,0x00,0x00,0x00,#000000
0.423514840000000,0,6,0x00,0x00,0x00,#000000
0.423544840000000,0,7,0x00,0x00,0x00,#000000
0.423574840000000,0,8,0x00,0x00,0x00,#000000
0.423604840000000,0,9,0x00,0x00,0x00,#000000
0.423634840000000,0,10,0x00,0x00,0x00,#000000
0.423664840000000,0,11,0x00,0x00,0x00,#000000
0.423694840000000,0,12,0x00,0x00,0x00,#000000
0.423724840000000,0,13,0x00,0x00,0x00,#000000
0.423754840000000,0,14,0x00,0x00,0x00,#000000
0.423784840000000,0,15,0x00,0x00,0x00,#000000
0.434141760000000,0,0,0xFF,0x2E,0x00,#ff2e00
0.434171760000000,0,1,0x00,0x00,0x00,#000000
0.434201760000000,0,2,0x00,0x00,0x00,#000000
0.434231760000000,0,3,0x00,0x00,0x00,#000000
0.434261760000000,0,4,0x00,0x00,0x00,#000000
0.434291760000000,0,5,0x00,0x00,0x00,#000000
0.434321760000000,0,6,0x00,0x00,0x00,#000000
0.434351760000000,0,7,0x00,0x00,0x00,#000000
0.434381760000000,0,8,0x00,0x00,0x00,#000000
0.434411760000000,0,9,0x00,0x00,0x00,#000000
0.434441770000000,0,10,0x00,0x00,0x00,#000000
0.434471770000000,0,11,0x00,0x00,0x00,#000000
0.434501770000000,0,12,0x00,0x00,0x00,#000000
0.434531770000000,0,13,0x00,0x00,0x00,#000000
0.434561770000000,0,14,0x00,0x00,0x00,#000000
0.434591770000000,0,15,0x00,0x00,0x00,#000000
0.445046090000000,0,0,0xFF,0x2E,0x00,#ff2e00
0.445076090000000,0,1,0x00,0x00,0x00,#000000
0.445106090000000,0,2,0x00,0x00,0x00,#000000
0.445136090000000,0,3,0x00,0x00,0x00,#000000
0.445166090000000,0,4,0x00,0x00,0x00,#000000
0.445196090000000,0,5,0x00,0x00,0x00,#000000
0.445226090000000,0,6,0x00,0x00,0x00,#000000
0.445256090000000,0,7,0x00,0x00,0x00,#000000
0.445286090000000,0,8,0x00,0x00,0x00,#000000
0.445316090000000,0,9,0x00,0x00,0x00,#000000
0.445346090000000,0,10,0x00,0x00,0x00,#000000
0.445376090000000,0,11,0x00,0x00,0x00,#000000
0.445406100000000,0,12,0x00,0x00,0x00,#000000
0.445436100000000,0,13,0x00,0x00,0x00,#000000
0.445466100000000,0,14,0x00,0x00,0x00,#000000
0.445496100000000,0,15,0x00,0x00,0x00,#000000
0.456273920000000,0,0,0xFF,0x2E,0x00,#ff2e00
0.456303920000000,0,1,0x00,0x00,0x00,#000000
0.456333920000000,0,2,0x00,0x00,0x00,#000000
0.456363930000000,0,3,0x00,0x00,0x00,#000000
0.456393930000000,0,4,0x00,0x00,0x00,#000000
0.456423930000000,0,5,0x00,0x00,0x00,#000000
0.456453930000000,0,6,0x00,0x00,0x00,#000000
0.456483930000000,0,7,0x00,0x00,0x00,#000000
0.456513930000000,0,8,0x00,0x00,0x00,#000000
0.456543930000000,0,9,0x00,0x00,0x00,#000000
0.456573930000000,0,10,0x00,0x00,0x00,#000000
0.456603930000000,0,11,0x00,0x00,0x00,#000000
0.456633930000000,0,12,0x00,0x00,0x00,#000000
0.456663930000000,0,13,0x00,0x00,0x00,#000000
0.456693930000000,0,14,0x00,0x00,0x00,#000000
0.456723930000000,0,15,0x00,0x00,0x00,#000000
0.467140500000000,0,0,0xFF,0x2E,0x00,#ff2e00
0.467170500000000,0,1,0x00,0x00,0x00,#000000
0.467200500000000,0,2,0x00,0x00,0x00,#000000
0.467230500000000,0,3,0x00,0x00,0x00,#000000
0.467260500000000,0,4,0x00,0x00,0x00,#000000
0.467290500000000,0,5,0x00,0x00,0x00,#000000
0.467320510000000,0,6,0x00,0x00,0x00,#000000
0.467350510000000,0,7,0x00,0x00,0x00,#000000
0.467380510000000,0,8,0x00,0x00,0x00,#000000
0.467410510000000,0,9,0x00,0x00,0x00,#000000
0.467440510000000,0,10,0x00,0x00,0x00,#000000
0.467470510000000,0,11,0x00,0x00,0x00,#000000
0.467500510000000,0,12,0x00,0x00,0x00,#000000
0.467530510000000,0,13,0x00,0x00,0x00,#000000
0.467560510000000,0,14,0x00,0x00,0x00,#000000
0.467590510000000,0,15,0x00,0x00,0x00,#000000
0.478046930000000,0,0,0xFF,0x2E,0x00,#ff2e00
0.478076930000000,0,1,0x00,0x00,0x00,#000000
0.478106930000000,0,2,0x00,0x00,0x00,#000000
0.478136930000000,0,3,0x00,0x00,0x00,#000000
0.478166930000000,0,4,0x00,0x00,0x00,#000000
0.478196930000000,0,5,0x00,0x00,0x00,#000000
0.478226930000000,0,6,0x00,0x00,0x00,#000000
0.478256930000000,0,7,0x00,0x00,0x00,#000000
0.478286940000000,0,8,0x00,0x00,0x00,#000000
0.478316940000000,0,9,0x00,0x00,0x00,#000000
0.478346940000000,0,10,0x00,0x00,0x00,#000000
0.478376940000000,0,11,0x00,0x00,0x00,#000000
0.478406940000000,0,12,0x00,0x00,0x00,#000000
0.478436940000000,0,13,0x00,0x00,0x00,#000000
0.478466940000000,0,14,0x00,0x00,0x00,#000000
0.478496940000000,0,15,0x00,0x00,0x00,#000000
0.489237620000000,0,0,0xFF,0x2E,0x00,#ff2e00
0.489267620000000,0,1,0x00,0x00,0x00,#000000
0.489297620000000,0,2,0x00,0x00,0x00,#000000
0.489327620000000,0,3,0x00,0x00,0x00,#000000
0.489357620000000,0,4,0x00,0x00,0x00,#000000
0.489387620000000,0,5,0x00,0x00,0x00,#000000
0.489417620000000,0,6,0x00,0x00,0x00,#000000
0.489447620000000,0,7,0x00,0x00,0x00,#000000
0.489477620000000,0,8,0x00,0x00,0x00,#000000
0.489507620000000,0,9,0x00,0x00,0x00,#000000
0.489537620000000,0,10,0x00,0x00,0x00,#000000
0.489567620000000,0,11,0x00,0x00,0x00,#000000
0.489597620000000,0,12,0x00,0x00,0x00,#000000
0.489627620000000,0,13,0x00,0x00,0x00,#000000
0.489657630000000,0,14,0x00,0x00,0x00,#000000
0.489687630000000,0,15,0x00,0x00,0x00,#000000
0.500144190000000,0,0,0xFF,0x2E,0x00,#ff2e00
0.500174190000000,0,1,0x00,0x00,0x00,#000000
0.500204190000000,0,2,0x00,0x00,0x00,#000000
0.500234200000000,0,3,0x00,0x00,0x00,#000000
0.500264200000000,0,4,0x00,0x00,0x00,#000000
0.500294200000000,0,5,0x00,0x00,0x00,#000000
0.500324200000000,0,6,0x00,0x00,0x00,#000000
0.500354200000000,0,7,0x00,0x00,0x00,#000000
0.500384200000000,0,8,0x00,0x00,0x00,#000000
0.500414200000000,0,9,0x00,0x00,0x00,#000000
0.500444200000000,0,10,0x00,0x00,0x00,#000000
0.500474200000000,0,11,0x00,0x00,0x00,#000000
0.500504200000000,0,12,0x00,0x00,0x00,#000000
0.500534200000000,0,13,0x00,0x00,0x00,#000000
0.500564200000000,0,14,0x00,0x00,0x00,#000000
0.500594200000000,0,15,0x00,0x00,0x00,#000000
0.511047770000000,0,0,0xFF,0x2E,0x00,#ff2e00
0.511077770000000,0,1,0x00,0x00,0x00,#000000
0.511107770000000,0,2,0x00,0x00,0x00,#000000
0.511137770000000,0,3,0x00,0x00,0x00,#000000
0.511167780000000,0,4,0x00,0x00,0x00,#000000
0.511197780000000,0,5,0x00,0x00,0x00,#000000
0.511227780000000,0,6,0x00,0x00,0x00,#000000
0.511257780000000,0,7,0x00,0x00,0x00,#000000
0.511287780000000,0,8,0x00,0x00,0x00,#000000
0.511317780000000,0,9,0x00,0x00,0x00,#000000
0.511347780000000,0,10,0x00,0x00,0x00,#000000
0.511377780000000,0,11,0x00,0x00,0x00,#000000
0.511407780000000,0,12,0x00,0x00,0x00,#000000
0.511437780000000,0,13,0x00,0x00,0x00,#000000
0.511467780000000,0,14,0x00,0x00,0x00,#000000
0.511497780000000,0,15,0x00,0x00,0x00,#000000
0.522504670000000,0,0,0xFF,0x2E,0x00,#ff2e00
0.522534660000000,0,1,0x00,0x00,0x00,#000000
0.522564670000000,0,2,0x00,0x00,0x00,#000000
0.522594670000000,0,3,0x00,0x00,0x00,#000000
0.522624670000000,0,4,0x00,0x00,0x00,#000000
0.522654670000000,0,5,0x00,0x00,0x00,#000000
0.522684670000000,0,6,0x00,0x00,0x00,#000000
0.522714670000000,0,7,0x00,0x00,0x00,#000000
0.522744670000000,0,8,0x00,0x00,0x00,#000000
0.522774670000000,0,9,0x00,0x00,0x00,#000000
0.522804670000000,0,10,0x00,0x00,0x00,#000000
0.522834670000000,0,11,0x00,0x00,0x00,#000000
0.522864670000000,0,12,0x00,0x00,0x00,#000000
0.522894670000000,0,13,0x00,0x00,0x00,#000000
0.522924680000000,0,14,0x00,0x00,0x00,#000000
0.522954670000000,0,15,0x00,0x00,0x00,#000000
0.533143990000000,0,0,0xFF,0x2E,0x00,#ff2e00
0.533173990000000,0,1,0x00,0x00,0x00,#000000
0.533203990000000,0,2,0x00,0x00,0x00,#000000
0.533233990000000,0,3,0x00,0x00,0x00,#000000
0.533263990000000,0,4,0x00,0x00,0x00,#000000
0.533293990000000,0,5,0x00,0x00,0x00,#000000
0.533323990000000,0,6,0x00,0x00,0x00,#000000
0.533353990000000,0,7,0x00,0x00,0x00,#000000
0.533383990000000,0,8,0x00,0x00,0x00,#000000
0.533413990000000,0,9,0x00,0x00,0x00,#000000
0.533443990000000,0,10,0x00,0x00,0x00,#000000
0.533473990000000,0,11,0x00,0x00,0x00,#000000
0.533503990000000,0,12,0x00,0x00,0x00,#000000
0.533534000000000,0,13,0x00,0x00,0x00,#000000
0.533564000000000,0,14,0x00,0x00,0x00,#000000
0.533594000000000,0,15,0x00,0x00,0x00,#000000
0.544048610000000,0,0,0xFF,0x2E,0x00,#ff2e00
0.544078620000000,0,1,0x00,0x00,0x00,#000000
0.544108620000000,0,2,0x00,0x00,0x00,#000000
0.544138620000000,0,3,0x00,0x00,0x00,#000000
0.544168620000000,0,4,0x00,0x00,0x00,#000000
0.544198620000000,0,5,0x00,0x00,0x00,#000000
0.544228620000000,0,6,0x00,0x00,0x00,#000000
0.544258620000000,0,7,0x00,0x00,0x00,#000000
0.544288620000000,0,8,0x00,0x00,0x00,#000000
0.544318620000000,0,9,0x00,0x00,0x00,#000000
0.544348620000000,0,10,0x00,0x00,0x00,#000000
0.544378620000000,0,11,0x00,0x00,0x00,#000000
0.544408620000000,0,12,0x00,0x00,0x00,#000000
0.544438620000000,0,13,0x00,0x00,0x00,#000000
0.544468630000000,0,14,0x00,0x00,0x00,#000000
0.544498630000000,0,15,0x00,0x00,0x00,#000000
0.555287150000000,0,0,0xFF,0x2E,0x00,#ff2e00
0.555317150000000,0,1,0x00,0x00,0x00,#000000
0.555347150000000,0,2,0x00,0x00,0x00,#000000
0.555377150000000,0,3,0x00,0x00,0x00,#000000
0.555407150000000,0,4,0x00,0x00,0x00,#000000
0.555437150000000,0,5,0x00,0x00,0x00,#000000
0.555467160000000,0,6,0x00,0x00,0x00,#000000
0.555497160000000,0,7,0x00,0x00,0x00,#000000
0.555527160000000,0,8,0x00,0x00,0x00,#000000
0.555557160000000,0,9,0x00,0x00,0x00,#000000
0.555587160000000,0,10,0x00,0x00,0x00,#000000
0.555617160000000,0,11,0x00,0x00,0x00,#000000
0.555647160000000,0,12,0x00,0x00,0x00,#000000
0.555677160000000,0,13,0x00,0x00,0x00,#000000
0.555707160000000,0,14,0x00,0x00,0x00,#000000
0.555737160000000,0,15,0x00,0x00,0x00,#000000
0.566131830000000,0,0,0xFF,0x2E,0x00,#ff2e00
0.566161830000000,0,1,0x00,0x00,0x00,#000000
0.566191830000000,0,2,0x00,0x00,0x00,#000000
0.566221830000000,0,3,0x00,0x00,0x00,#000000
0.566251830000000,0,4,0x00,0x00,0x00,#000000
0.566281830000000,0,5,0x00,0x00,0x00,#000000
0.566311830000000,0,6,0x00,0x00,0x00,#000000
0.566341830000000,0,7,0x00,0x00,0x00,#000000
0.566371830000000,0,8,0x00,0x00,0x00,#000000
0.566401840000000,0,9,0x00,0x00,0x00,#000000
0.566431840000000,0,10,0x00,0x00,0x00,#000000
0.566461840000000,0,11,0x00,0x00,0x00,#000000
0.566491840000000,0,12,0x00,0x00,0x00,#000000
0.566521840000000,0,13,0x00,0x00,0x00,#000000
0.566551840000000,0,14,0x00,0x00,0x00,#000000
0.566581840000000,0,15,0x00,0x00,0x00,#000000
0.577049460000000,0,0,0xFF,0x2E,0x00,#ff2e00
0.577079460000000,0,1,0x00,0x00,0x00,#000000
0.577109460000000,0,2,0x00,0x00,0x00,#000000
0.577139460000000,0,3,0x00,0x00,0x00,#000000
0.577169460000000,0,4,0x00,0x00,0x00,#000000
0.577199460000000,0,5,0x00,0x00,0x00,#000000
0.577229460000000,0,6,0x00,0x00,0x00,#000000
0.577259460000000,0,7,0x00,0x00,0x00,#000000
0.577289460000000,0,8,0x00,0x00,0x00,#000000
0.577319460000000,0,9,0x00,0x00,0x00,#000000
0.577349460000000,0,10,0x00,0x00,0x00,#000000
0.577379470000000,0,11,0x00,0x00,0x00,#000000
0.577409470000000,0,12,0x00,0x00,0x00,#000000
0.577439470000000,0,13,0x00,0x00,0x00,#000000
0.577469470000000,0,14,0x00,0x00,0x00,#000000
0.577499470000000,0,15,0x00,0x00,0x00,#000000
0.588273140000000,0,0,0xFF,0x2E,0x00,#ff2e00
0.588303140000000,0,1,0x00,0x00,0x00,#000000
0.588333150000000,0,2,0x00,0x00,0x00,#000000
0.588363150000000,0,3,0x00,0x00,0x00,#000000
0.588393150000000,0,4,0x00,0x00,0x00,#000000
0.588423150000000,0,5,0x00,0x00,0x00,#000000
0.588453150000000,0,6,0x00,0x00,0x00,#000000
0.588483150000000,0,7,0x00,0x00,0x00,#000000
0.588513150000000,0,8,0x00,0x00,0x00,#000000
0.588543150000000,0,9,0x00,0x00,0x00,#000000
0.588573150000000,0,10,0x00,0x00,0x00,#000000
0.588603150000000,0,11,0x00,0x00,0x00,#000000
0.588633150000000,0,12,0x00,0x00,0x00,#000000
0.588663150000000,0,13,0x00,0x00,0x00,#000000
0.588693150000000,0,14,0x00,0x00,0x00,#000000
0.588723160000000,0,15,0x00,0x00,0x00,#000000
0.599141670000000,0,0,0xFF,0x2E,0x00,#ff2e00
0.599171670000000,0,1,0x00,0x00,0x00,#000000
0.599201670000000,0,2,0x00,0x00,0x00,#000000
0.599231670000000,0,3,0x00,0x00,0x00,#000000
0.599261670000000,0,4,0x00,0x00,0x00,#000000
0.599291680000000,0,5,0x00,0x00,0x00,#000000
0.599321680000000,0,6,0x00,0x00,0x00,#000000
0.599351680000000,0,7,0x00,0x00,0x00,#000000
0.599381680000000,0,8,0x00,0x00,0x00,#000000
0.599411680000000,0,9,0x00,0x00,0x00,#000000
0.599441680000000,0,10,0x00,0x00,0x00,#000000
0.599471680000000,0,11,0x00,0x00,0x00,#000000
0.599501680000000,0,12,0x00,0x00,0x00,#000000
0.599531680000000,0,13,0x00,0x00,0x00,#000000
0.599561680000000,0,14,0x00,0x00,0x00,#000000
0.599591680000000,0,15,0x00,0x00,0x00,#000000
0.610051600000000,0,0,0xFF,0x2E,0x00,#ff2e00
0.610081600000000,0,1,0x00,0x00,0x00,#000000
0.610111600000000,0,2,0x00,0x00,0x00,#000000
0.610141600000000,0,3,0x00,0x00,0x00,#000000
0.610171600000000,0,4,0x00,0x00,0x00,#000000
0.610201600000000,0,5,0x00,0x00,0x00,#000000
0.610231600000000,0,6,0x00,0x00,0x00,#000000
0.610261610000000,0,7,0x00,0x00,0x00,#000000
0.610291610000000,0,8,0x00,0x00,0x00,#000000
0.610321610000000,0,9,0x00,0x00,0x00,#000000
0.610351610000000,0,10,0x00,0x00,0x00,#000000
0.610381610000000,0,11,0x00,0x00,0x00,#000000
0.610411610000000,0,12,0x00,0x00,0x00,#000000
0.610441610000000,0,13,0x00,0x00,0x00,#000000
0.610471610000000,0,14,0x00,0x00,0x00,#000000
0.610501610000000,0,15,0x00,0x00,0x00,#000000
0.621344690000000,0,0,0xFF,0x2E,0x00,#ff2e00
0.621374690000000,0,1,0x00,0x00,0x00,#000000
0.621404690000000,0,2,0x00,0x00,0x00,#000000
0.621434690000000,0,3,0x00,0x00,0x00,#000000
0.621464690000000,0,4,0x00,0x00,0x00,#000000
0.621494690000000,0,5,0x00,0x00,0x00,#000000
0.621524690000000,0,6,0x00,0x00,0x00,#000000
0.621554700000000,0,7,0x00,0x00,0x00,#000000
0.621584690000000,0,8,0x00,0x00,0x00,#000000
0.621614700000000,0,9,0x00,0x00,0x00,#000000
0.621644700000000,0,10,0x00,0x00,0x00,#000000
0.621674700000000,0,11,0x00,0x00,0x00,#000000
0.621704700000000,0,12,0x00,0x00,0x00,#000000
0.621734700000000,0,13,0x00,0x00,0x00,#000000
0.621764700000000,0,14,0x00,0x00,0x00,#000000
0.621794700000000,0,15,0x00,0x00,0x00,#000000
0.632144660000000,0,0,0xFF,0x2E,0x00,#ff2e00
0.632174660000000,0,1,0x00,0x00,0x00,#000000
0.632204670000000,0,2,0x00,0x00,0x00,#000000
0.632234670000000,0,3,0x00,0x00,0x00,#000000
0.632264670000000,0,4,0x00,0x00,0x00,#000000
0.632294670000000,0,5,0x00,0x00,0x00,#000000
0.632324670000000,0,6,0x00,0x00,0x00,#000000
0.632354670000000,0,7,0x00,0x00,0x00,#000000
0.632384670000000,0,8,0x00,0x00,0x00,#000000
0.632414670000000,0,9,0x00,0x00,0x00,#000000
0.632444670000000,0,10,0x00,0x00,0x00,#000000
0.632474670000000,0,11,0x00,0x00,0x00,#000000
0.632504670000000,0,12,0x00,0x00,0x00,#000000
0.632534670000000,0,13,0x00,0x00,0x00,#000000
0.632564680000000,0,14,0x00,0x00,0x00,#000000
0.632594680000000,0,15,0x00,0x00,0x00,#000000
0.643051140000000,0,0,0xFF,0x2E,0x00,#ff2e00
0.643081140000000,0,1,0x00,0x00,0x00,#000000
0.643111140000000,0,2,0x00,0x00,0x00,#000000
0.643141140000000,0,3,0x00,0x00,0x00,#000000
0.643171150000000,0,4,0x00,0x00,0x00,#000000
0.643201150000000,0,5,0x00,0x00,0x00,#000000
0.643231150000000,0,6,0x00,0x00,0x00,#000000
0.643261150000000,0,7,0x00,0x00,0x00,#000000
0.643291150000000,0,8,0x00,0x00,0x00,#000000
0.643321150000000,0,9,0x00,0x00,0x00,#000000
0.643351150000000,0,10,0x00,0x00,0x00,#000000
0.643381150000000,0,11,0x00,0x00,0x00,#000000
0.643411150000000,0,12,0x00,0x00,0x00,#000000
0.643441150000000,0,13,0x00,0x00,0x00,#000000
0.643471150000000,0,14,0x00,0x00,0x00,#000000
0.643501150000000,0,15,0x00,0x00,0x00,#000000
0.654246080000000,0,0,0xFF,0x2E,0x00,#ff2e00
0.654276080000000,0,1,0x00,0x00,0x00,#000000
0.654306080000000,0,2,0x00,0x00,0x00,#000000
0.654336080000000,0,3,0x00,0x00,0x00,#000000
0.654366080000000,0,4,0x00,0x00,0x00,#000000
0.654396080000000,0,5,0x00,0x00,0x00,#000000
0.654426080000000,0,6,0x00,0x00,0x00,#000000
0.654456080000000,0,7,0x00,0x00,0x00,#000000
0.654486080000000,0,8,0x00,0x00,0x00,#000000
0.654516090000000,0,9,0x00,0x00,0x00,#000000
0.654546090000000,0,10,0x00,0x00,0x00,#000000
0.654576090000000,0,11,0x00,0x00,0x00,#000000
0.654606090000000,0,12,0x00,0x00,0x00,#000000
0.654636090000000,0,13,0x00,0x00,0x00,#000000
0.654666090000000,0,14,0x00,0x00,0x00,#000000
0.654696090000000,0,15,0x00,0x00,0x00,#000000
0.665142010000000,0,0,0xFF,0x2E,0x00,#ff2e00
0.665172010000000,0,1,0x00,0x00,0x00,#000000
0.665202010000000,0,2,0x00,0x00,0x00,#000000
0.665232010000000,0,3,0x00,0x00,0x00,#000000
0.665262010000000,0,4,0x00,0x00,0x00,#000000
0.665292010000000,0,5,0x00,0x00,0x00,#000000
0.665322010000000,0,6,0x00,0x00,0x00,#000000
0.665352010000000,0,7,0x00,0x00,0x00,#000000
0.665382010000000,0,8,0x00,0x00,0x00,#000000
0.665412010000000,0,9,0x00,0x00,0x00,#000000
0.665442010000000,0,10,0x00,0x00,0x00,#000000
0.665472020000000,0,11,0x00,0x00,0x00,#000000
0.665502020000000,0,12,0x00,0x00,0x00,#000000
0.665532020000000,0,13,0x00,0x00,0x00,#000000
0.665562020000000,0,14,0x00,0x00,0x00,#000000
0.665592020000000,0,15,0x00,0x00,0x00,#000000
0.676051990000000,0,0,0xFF,0x2E,0x00,#ff2e00
0.676081990000000,0,1,0x00,0x00,0x00,#000000
0.676111990000000,0,2,0x00,0x00,0x00,#000000
0.676141990000000,0,3,0x00,0x00,0x00,#000000
0.676171990000000,0,4,0x00,0x00,0x00,#000000
0.676201990000000,0,5,0x00,0x00,0x00,#000000
0.676231990000000,0,6,0x00,0x00,0x00,#000000
0.676261990000000,0,7,0x00,0x00,0x00,#000000
0.676291990000000,0,8,0x00,0x00,0x00,#000000
0.676321990000000,0,9,0x00,0x00,0x00,#000000
0.676351990000000,0,10,0x00,0x00,0x00,#000000
0.676381990000000,0,11,0x00,0x00,0x00,#000000
0.676411990000000,0,12,0x00,0x00,0x00,#000000
0.676442000000000,0,13,0x00,0x00,0x00,#000000
0.676472000000000,0,14,0x00,0x00,0x00,#000000
0.676502000000000,0,15,0x00,0x00,0x00,#000000
0.687277670000000,0,0,0xFF,0x2E,0x00,#ff2e00
0.687307670000000,0,1,0x00,0x00,0x00,#000000
0.687337670000000,0,2,0x00,0x00,0x00,#000000
0.687367670000000,0,3,0x00,0x00,0x00,#000000
0.687397680000000,0,4,0x00,0x00,0x00,#000000
0.687427680000000,0,5,0x00,0x00,0x00,#000000
0.687457680000000,0,6,0x00,0x00,0x00,#000000
0.687487680000000,0,7,0x00,0x00,0x00,#000000
0.687517680000000,0,8,0x00,0x00,0x00,#000000
0.687547680000000,0,9,0x00,0x00,0x00,#000000
0.687577680000000,0,10,0x00,0x00,0x00,#000000
0.687607680000000,0,11,0x00,0x00,0x00,#000000
0.687637680000000,0,12,0x00,0x00,0x00,#000000
0.687667680000000,0,13,0x00,0x00,0x00,#000000
0.687697680000000,0,14,0x00,0x00,0x00,#000000
0.687727680000000,0,15,0x00,0x00,0x00,#000000
0.698146300000000,0,0,0xFF,0x2E,0x00,#ff2e00
0.698176300000000,0,1,0x00,0x00,0x00,#000000
0.698206300000000,0,2,0x00,0x00,0x00,#000000
0.698236300000000,0,3,0x00,0x00,0x00,#000000
0.698266300000000,0,4,0x00,0x00,0x00,#000000
0.698296300000000,0,5,0x00,0x00,0x00,#000000
0.698326300000000,0,6,0x00,0x00,0x00,#000000
0.698356310000000,0,7,0x00,0x00,0x00,#000000
0.698386310000000,0,8,0x00,0x00,0x00,#000000
0.698416310000000,0,9,0x00,0x00,0x00,#000000
0.698446310000000,0,10,0x00,0x00,0x00,#000000
0.698476310000000,0,11,0x00,0x00,0x00,#000000
0.698506310000000,0,12,0x00,0x00,0x00,#000000
0.698536310000000,0,13,0x00,0x00,0x00,#000000
0.698566310000000,0,14,0x00,0x00,0x00,#000000
0.698596310000000,0,15,0x00,0x00,0x00,#000000
0.709053280000000,0,0,0xFF,0x2E,0x00,#ff2e00
0.709083280000000,0,1,0x00,0x00,0x00,#000000
0.709113280000000,0,2,0x00,0x00,0x00,#000000
0.709143280000000,0,3,0x00,0x00,0x00,#000000
0.709173280000000,0,4,0x00,0x00,0x00,#000000
0.709203280000000,0,5,0x00,0x00,0x00,#000000
0.709233280000000,0,6,0x00,0x00,0x00,#000000
0.709263280000000,0,7,0x00,0x00,0x00,#000000
0.709293280000000,0,8,0x00,0x00,0x00,#000000
0.709323290000000,0,9,0x00,0x00,0x00,#000000
0.709353290000000,0,10,0x00,0x00,0x00,#000000
0.709383290000000,0,11,0x00,0x00,0x00,#000000
0.709413290000000,0,12,0x00,0x00,0x00,#000000
0.709443290000000,0,13,0x00,0x00,0x00,#000000
0.709473290000000,0,14,0x00,0x00,0x00,#000000
0.709503290000000,0,15,0x00,0x00,0x00,#000000
0.720334270000000,0,0,0xFF,0x2E,0x00,#ff2e00
0.720364270000000,0,1,0x00,0x00,0x00,#000000
0.720394270000000,0,2,0x00,0x00,0x00,#000000
0.720424270000000,0,3,0x00,0x00,0x00,#000000
0.720454270000000,0,4,0x00,0x00,0x00,#000000
0.720484270000000,0,5,0x00,0x00,0x00,#000000
0.720514270000000,0,6,0x00,0x00,0x00,#000000
0.720544270000000,0,7,0x00,0x00,0x00,#000000
0.720574270000000,0,8,0x00,0x00,0x00,#000000
0.720604270000000,0,9,0x00,0x00,0x00,#000000
0.720634270000000,0,10,0x00,0x00,0x00,#000000
0.720664270000000,0,11,0x00,0x00,0x00,#000000
0.720694280000000,0,12,0x00,0x00,0x00,#000000
0.720724280000000,0,13,0x00,0x00,0x00,#000000
0.720754280000000,0,14,0x00,0x00,0x00,#000000
0.720784280000000,0,15,0x00,0x00,0x00,#000000
0.731149540000000,0,0,0xFF,0x2E,0x00,#ff2e00
0.731179540000000,0,1,0x00,0x00,0x00,#000000
0.731209540000000,0,2,0x00,0x00,0x00,#000000
0.731239540000000,0,3,0x00,0x00,0x00,#000000
0.731269550000000,0,4,0x00,0x00,0x00,#000000
0.731299550000000,0,5,0x00,0x00,0x00,#000000
0.731329550000000,0,6,0x00,0x00,0x00,#000000
0.731359550000000,0,7,0x00,0x00,0x00,#000000
0.731389550000000,0,8,0x00,0x00,0x00,#000000
0.731419550000000,0,9,0x00,0x00,0x00,#000000
0.731449550000000,0,10,0x00,0x00,0x00,#000000
0.731479550000000,0,11,0x00,0x00,0x00,#000000
0.731509550000000,0,12,0x00,0x00,0x00,#000000
0.731539550000000,0,13,0x00,0x00,0x00,#000000
0.731569550000000,0,14,0x00,0x00,0x00,#000000
0.731599550000000,0,15,0x00,0x00,0x00,#000000
0.742053670000000,0,0,0xFF,0x2E,0x00,#ff2e00
0.742083670000000,0,1,0x00,0x00,0x00,#000000
0.742113670000000,0,2,0x00,0x00,0x00,#000000
0.742143670000000,0,3,0x00,0x00,0x00,#000000
0.742173670000000,0,4,0x00,0x00,0x00,#000000
0.742203670000000,0,5,0x00,0x00,0x00,#000000
0.742233680000000,0,6,0x00,0x00,0x00,#000000
0.742263680000000,0,7,0x00,0x00,0x00,#000000
0.742293680000000,0,8,0x00,0x00,0x00,#000000
0.742323680000000,0,9,0x00,0x00,0x00,#000000
0.742353680000000,0,10,0x00,0x00,0x00,#000000
0.742383680000000,0,11,0x00,0x00,0x00,#000000
0.742413680000000,0,12,0x00,0x00,0x00,#000000
0.742443680000000,0,13,0x00,0x00,0x00,#000000
0.742473680000000,0,14,0x00,0x00,0x00,#000000
0.742503680000000,0,15,0x00,0x00,0x00,#000000
0.753273210000000,0,0,0xFF,0x2E,0x00,#ff2e00
0.753303210000000,0,1,0x00,0x00,0x00,#000000
0.753333210000000,0,2,0x00,0x00,0x00,#000000
0.753363210000000,0,3,0x00,0x00,0x00,#000000
0.753393210000000,0,4,0x00,0x00,0x00,#000000
0.753423210000000,0,5,0x00,0x00,0x00,#000000
0.753453210000000,0,6,0x00,0x00,0x00,#000000
0.753483210000000,0,7,0x00,0x00,0x00,#000000
0.753513210000000,0,8,0x00,0x00,0x00,#000000
0.753543210000000,0,9,0x00,0x00,0x00,#000000
0.753573220000000,0,10,0x00,0x00,0x00,#000000
0.753603220000000,0,11,0x00,0x00,0x00,#000000
0.753633220000000,0,12,0x00,0x00,0x00,#000000
0.753663220000000,0,13,0x00,0x00,0x00,#000000
0.753693220000000,0,14,0x00,0x00,0x00,#000000
0.753723220000000,0,15,0x00,0x00,0x00,#000000
0.764147640000000,0,0,0xFF,0x2E,0x00,#ff2e00
0.764177640000000,0,1,0x00,0x00,0x00,#000000
0.764207640000000,0,2,0x00,0x00,0x00,#000000
0.764237640000000,0,3,0x00,0x00,0x00,#000000
0.764267640000000,0,4,0x00,0x00,0x00,#000000
0.764297640000000,0,5,0x00,0x00,0x00,#000000
0.764327640000000,0,6,0x00,0x00,0x00,#000000
0.764357640000000,0,7,0x00,0x00,0x00,#000000
0.764387640000000,0,8,0x00,0x00,0x00,#000000
0.764417640000000,0,9,0x00,0x00,0x00,#000000
0.764447640000000,0,10,0x00,0x00,0x00,#000000
0.764477640000000,0,11,0x00,0x00,0x00,#000000
0.764507640000000,0,12,0x00,0x00,0x00,#000000
0.764537650000000,0,13,0x00,0x00,0x00,#000000
0.764567650000000,0,14,0x00,0x00,0x00,#000000
0.764597650000000,0,15,0x00,0x00,0x00,#000000
0.775054510000000,0,0,0xFF,0x2E,0x00,#ff2e00
0.775084510000000,0,1,0x00,0x00,0x00,#000000
0.775114520000000,0,2,0x00,0x00,0x00,#000000
0.775144520000000,0,3,0x00,0x00,0x00,#000000
0.775174520000000,0,4,0x00,0x00,0x00,#000000
0.775204520000000,0,5,0x00,0x00,0x00,#000000
0.775234520000000,0,6,0x00,0x00,0x00,#000000
0.775264520000000,0,7,0x00,0x00,0x00,#000000
0.775294520000000,0,8,0x00,0x00,0x00,#000000
0.775324520000000,0,9,0x00,0x00,0x00,#000000
0.775354520000000,0,10,0x00,0x00,0x00,#000000
0.775384520000000,0,11,0x00,0x00,0x00,#000000
0.775414520000000,0,12,0x00,0x00,0x00,#000000
0.775444520000000,0,13,0x00,0x00,0x00,#000000
0.775474520000000,0,14,0x00,0x00,0x00,#000000
0.775504530000000,0,15,0x00,0x00,0x00,#000000
0.786377650000000,0,0,0xFF,0x2E,0x00,#ff2e00
0.786407650000000,0,1,0x00,0x00,0x00,#000000
0.786437650000000,0,2,0x00,0x00,0x00,#000000
0.786467660000000,0,3,0x00,0x00,0x00,#000000
0.786497660000000,0,4,0x00,0x00,0x00,#000000
0.786527660000000,0,5,0x00,0x00,0x00,#000000
0.786557660000000,0,6,0x00,0x00,0x00,#000000
0.786587660000000,0,7,0x00,0x00,0x00,#000000
0.786617660000000,0,8,0x00,0x00,0x00,#000000
0.786647660000000,0,9,0x00,0x00,0x00,#000000
0.786677660000000,0,10,0x00,0x00,0x00,#000000
0.786707660000000,0,11,0x00,0x00,0x00,#000000
0.786737660000000,0,12,0x00,0x00,0x00,#000000
0.786767660000000,0,13,0x00,0x00,0x00,#000000
0.786797660000000,0,14,0x00,0x00,0x00,#000000
0.786827660000000,0,15,0x00,0x00,0x00,#000000
0.797145230000000,0,0,0xFF,0x2E,0x00,#ff2e00
0.797175230000000,0,1,0x00,0x00,0x00,#000000
0.797205230000000,0,2,0x00,0x00,0x00,#000000
0.797235230000000,0,3,0x00,0x00,0x00,#000000
0.797265230000000,0,4,0x00,0x00,0x00,#000000
0.797295230000000,0,5,0x00,0x00,0x00,#000000
0.797325230000000,0,6,0x00,0x00,0x00,#000000
0.797355230000000,0,7,0x00,0x00,0x00,#000000
0.797385230000000,0,8,0x00,0x00,0x00,#000000
0.797415240000000,0,9,0x00,0x00,0x00,#000000
0.797445240000000,0,10,0x00,0x00,0x00,#000000
0.797475240000000,0,11,0x00,0x00,0x00,#000000
0.797505240000000,0,12,0x00,0x00,0x00,#000000
0.797535240000000,0,13,0x00,0x00,0x00,#000000
0.797565240000000,0,14,0x00,0x00,0x00,#000000
0.797595240000000,0,15,0x00,0x00,0x00,#000000
0.808055360000000,0,0,0xFF,0x2E,0x00,#ff2e00
0.808085360000000,0,1,0x00,0x00,0x00,#000000
0.808115360000000,0,2,0x00,0x00,0x00,#000000
0.808145360000000,0,3,0x00,0x00,0x00,#000000
0.808175360000000,0,4,0x00,0x00,0x00,#000000
0.808205360000000,0,5,0x00,0x00,0x00,#000000
0.808235360000000,0,6,0x00,0x00,0x00,#000000
0.808265360000000,0,7,0x00,0x00,0x00,#000000
0.808295360000000,0,8,0x00,0x00,0x00,#000000
0.808325360000000,0,9,0x00,0x00,0x00,#000000
0.808355360000000,0,10,0x00,0x00,0x00,#000000
0.808385370000000,0,11,0x00,0x00,0x00,#000000
0.808415370000000,0,12,0x00,0x00,0x00,#000000
0.808445370000000,0,13,0x00,0x00,0x00,#000000
0.808475370000000,0,14,0x00,0x00,0x00,#000000
0.808505370000000,0,15,0x00,0x00,0x00,#000000
0.819352500000000,0,0,0xFF,0x2E,0x00,#ff2e00
0.819382500000000,0,1,0x00,0x00,0x00,#000000
0.819412500000000,0,2,0x00,0x00,0x00,#000000
0.819442500000000,0,3,0x00,0x00,0x00,#000000
0.819472500000000,0,4,0x00,0x00,0x00,#000000
0.819502500000000,0,5,0x00,0x00,0x00,#000000
0.819532500000000,0,6,0x00,0x00,0x00,#000000
0.819562500000000,0,7,0x00,0x00,0x00,#000000
0.819592500000000,0,8,0x00,0x00,0x00,#000000
0.819622500000000,0,9,0x00,0x00,0x00,#000000
0.819652500000000,0,10,0x00,0x00,0x00,#000000
0.819682500000000,0,11,0x00,0x00,0x00,#000000
0.819712500000000,0,12,0x00,0x00,0x00,#000000
0.819742510000000,0,13,0x00,0x00,0x00,#000000
0.819772510000000,0,14,0x00,0x00,0x00,#000000
0.819802510000000,0,15,0x00,0x00,0x00,#000000
0.830154620000000,0,0,0xFF,0x2E,0x00,#ff2e00
0.830184620000000,0,1,0x00,0x00,0x00,#000000
0.830214620000000,0,2,0x00,0x00,0x00,#000000
0.830244620000000,0,3,0x00,0x00,0x00,#000000
0.830274620000000,0,4,0x00,0x00,0x00,#000000
0.830304620000000,0,5,0x00,0x00,0x00,#000000
0.830334630000000,0,6,0x00,0x00,0x00,#000000
0.830364630000000,0,7,0x00,0x00,0x00,#000000
0.830394630000000,0,8,0x00,0x00,0x00,#000000
0.830424630000000,0,9,0x00,0x00,0x00,#000000
0.830454630000000,0,10,0x00,0x00,0x00,#000000
0.830484630000000,0,11,0x00,0x00,0x00,#000000
0.830514630000000,0,12,0x00,0x00,0x00,#000000
0.830544630000000,0,13,0x00,0x00,0x00,#000000
0.830574630000000,0,14,0x00,0x00,0x00,#000000
0.830604630000000,0,15,0x00,0x00,0x00,#000000
0.841056200000000,0,0,0xFF,0x2E,0x00,#ff2e00
0.841086200000000,0,1,0x00,0x00,0x00,#000000
0.841116200000000,0,2,0x00,0x00,0x00,#000000
0.841146200000000,0,3,0x00,0x00,0x00,#000000
0.841176200000000,0,4,0x00,0x00,0x00,#000000
0.841206200000000,0,5,0x00,0x00,0x00,#000000
0.841236200000000,0,6,0x00,0x00,0x00,#000000
0.841266200000000,0,7,0x00,0x00,0x00,#000000
0.841296210000000,0,8,0x00,0x00,0x00,#000000
0.841326210000000,0,9,0x00,0x00,0x00,#000000
0.841356210000000,0,10,0x00,0x00,0x00,#000000
0.841386210000000,0,11,0x00,0x00,0x00,#000000
0.841416210000000,0,12,0x00,0x00,0x00,#000000
0.841446210000000,0,13,0x00,0x00,0x00,#000000
0.841476210000000,0,14,0x00,0x00,0x00,#000000
0.841506210000000,0,15,0x00,0x00,0x00,#000000
0.852263490000000,0,0,0xFF,0x2E,0x00,#ff2e00
0.852293490000000,0,1,0x00,0x00,0x00,#000000
0.852323490000000,0,2,0x00,0x00,0x00,#000000
0.852353490000000,0,3,0x00,0x00,0x00,#000000
0.852383490000000,0,4,0x00,0x00,0x00,#000000
0.852413490000000,0,5,0x00,0x00,0x00,#000000
0.852443490000000,0,6,0x00,0x00,0x00,#000000
0.852473490000000,0,7,0x00,0x00,0x00,#000000
0.852503490000000,0,8,0x00,0x00,0x00,#000000
0.852533490000000,0,9,0x00,0x00,0x00,#000000
0.852563490000000,0,10,0x00,0x00,0x00,#000000
0.852593490000000,0,11,0x00,0x00,0x00,#000000
0.852623490000000,0,12,0x00,0x00,0x00,#000000
0.852653500000000,0,13,0x00,0x00,0x00,#000000
0.852683500000000,0,14,0x00,0x00,0x00,#000000
0.852713500000000,0,15,0x00,0x00,0x00,#000000
0.863148160000000,0,0,0xFF,0x2E,0x00,#ff2e00
0.863178160000000,0,1,0x00,0x00,0x00,#000000
0.863208160000000,0,2,0x00,0x00,0x00,#000000
0.863238170000000,0,3,0x00,0x00,0x00,#000000
0.863268170000000,0,4,0x00,0x00,0x00,#000000
0.863298170000000,0,5,0x00,0x00,0x00,#000000
0.863328170000000,0,6,0x00,0x00,0x00,#000000
0.863358170000000,0,7,0x00,0x00,0x00,#000000
0.863388170000000,0,8,0x00,0x00,0x00,#000000
0.863418170000000,0,9,0x00,0x00,0x00,#000000
0.863448170000000,0,10,0x00,0x00,0x00,#000000
0.863478170000000,0,11,0x00,0x00,0x00,#000000
0.863508170000000,0,12,0x00,0x00,0x00,#000000
0.863538170000000,0,13,0x00,0x00,0x00,#000000
0.863568170000000,0,14,0x00,0x00,0x00,#000000
0.863598170000000,0,15,0x00,0x00,0x00,#000000
0.874057040000000,0,0,0xFF,0x2E,0x00,#ff2e00
0.874087040000000,0,1,0x00,0x00,0x00,#000000
0.874117040000000,0,2,0x00,0x00,0x00,#000000
0.874147040000000,0,3,0x00,0x00,0x00,#000000
0.874177050000000,0,4,0x00,0x00,0x00,#000000
0.874207050000000,0,5,0x00,0x00,0x00,#000000
0.874237050000000,0,6,0x00,0x00,0x00,#000000
0.874267050000000,0,7,0x00,0x00,0x00,#000000
0.874297050000000,0,8,0x00,0x00,0x00,#000000
0.874327050000000,0,9,0x00,0x00,0x00,#000000
0.874357050000000,0,10,0x00,0x00,0x00,#000000
0.874387050000000,0,11,0x00,0x00,0x00,#000000
0.874417050000000,0,12,0x00,0x00,0x00,#000000
0.874447050000000,0,13,0x00,0x00,0x00,#000000
0.874477050000000,0,14,0x00,0x00,0x00,#000000
0.874507050000000,0,15,0x00,0x00,0x00,#000000
0.885305080000000,0,0,0xFF,0x2E,0x00,#ff2e00
0.885335080000000,0,1,0x00,0x00,0x00,#000000
0.885365080000000,0,2,0x00,0x00,0x00,#000000
0.885395080000000,0,3,0x00,0x00,0x00,#000000
0.885425080000000,0,4,0x00,0x00,0x00,#000000
0.885455080000000,0,5,0x00,0x00,0x00,#000000
0.885485080000000,0,6,0x00,0x00,0x00,#000000
0.885515090000000,0,7,0x00,0x00,0x00,#000000
0.885545090000000,0,8,0x00,0x00,0x00,#000000
0.885575090000000,0,9,0x00,0x00,0x00,#000000
0.885605090000000,0,10,0x00,0x00,0x00,#000000
0.885635090000000,0,11,0x00,0x00,0x00,#000000
0.885665090000000,0,12,0x00,0x00,0x00,#000000
0.885695090000000,0,13,0x00,0x00,0x00,#000000
0.885725090000000,0,14,0x00,0x00,0x00,#000000
0.885755090000000,0,15,0x00,0x00,0x00,#000000
0.896315160000000,0,0,0xFF,0x2E,0x00,#ff2e00
0.896345160000000,0,1,0x00,0x00,0x00,#000000
0.896375160000000,0,2,0x00,0x00,0x00,#000000
0.896405160000000,0,3,0x00,0x00,0x00,#000000
0.896435160000000,0,4,0x00,0x00,0x00,#000000
0.896465160000000,0,5,0x00,0x00,0x00,#000000
0.896495170000000,0,6,0x00,0x00,0x00,#000000
0.896525170000000,0,7,0x00,0x00,0x00,#000000
0.896555170000000,0,8,0x00,0x00,0x00,#000000
0.896585170000000,0,9,0x00,0x00,0x00,#000000
0.896615170000000,0,10,0x00,0x00,0x00,#000000
0.896645170000000,0,11,0x00,0x00,0x00,#000000
0.896675170000000,0,12,0x00,0x00,0x00,#000000
0.896705170000000,0,13,0x00,0x00,0x00,#000000
0.896735170000000,0,14,0x00,0x00,0x00,#000000
0.896765170000000,0,15,0x00,0x00,0x00,#000000
0.907059890000000,0,0,0xFF,0x2E,0x00,#ff2e00
0.907089890000000,0,1,0x00,0x00,0x00,#000000
0.907119890000000,0,2,0x00,0x00,0x00,#000000
0.907149890000000,0,3,0x00,0x00,0x00,#000000
0.907179890000000,0,4,0x00,0x00,0x00,#000000
0.907209890000000,0,5,0x00,0x00,0x00,#000000
0.907239890000000,0,6,0x00,0x00,0x00,#000000
0.907269890000000,0,7,0x00,0x00,0x00,#000000
0.907299890000000,0,8,0x00,0x00,0x00,#000000
0.907329890000000,0,9,0x00,0x00,0x00,#000000
0.907359890000000,0,10,0x00,0x00,0x00,#000000
0.907389890000000,0,11,0x00,0x00,0x00,#000000
0.907419890000000,0,12,0x00,0x00,0x00,#000000
0.907449900000000,0,13,0x00,0x00,0x00,#000000
0.907479900000000,0,14,0x00,0x00,0x00,#000000
0.907509900000000,0,15,0x00,0x00,0x00,#000000
0.918361970000000,0,0,0xFF,0x2E,0x00,#ff2e00
0.918391970000000,0,1,0x00,0x00,0x00,#000000
0.918421980000000,0,2,0x00,0x00,0x00,#000000
0.918451980000000,0,3,0x00,0x00,0x00,#000000
0.918481980000000,0,4,0x00,0x00,0x00,#000000
0.918511980000000,0,5,0x00,0x00,0x00,#000000
0.918541980000000,0,6,0x00,0x00,0x00,#000000
0.918571980000000,0,7,0x00,0x00,0x00,#000000
0.918601980000000,0,8,0x00,0x00,0x00,#000000
0.918631980000000,0,9,0x00,0x00,0x00,#000000
0.918661980000000,0,10,0x00,0x00,0x00,#000000
0.918691980000000,0,11,0x00,0x00,0x00,#000000
0.918721980000000,0,12,0x00,0x00,0x00,#000000
0.918751980000000,0,13,0x00,0x00,0x00,#000000
0.918781980000000,0,14,0x00,0x00,0x00,#000000
0.918811990000000,0,15,0x00,0x00,0x00,#000000
0.929159500000000,0,0,0xFF,0x2E,0x00,#ff2e00
0.929189500000000,0,1,0x00,0x00,0x00,#000000
0.929219500000000,0,2,0x00,0x00,0x00,#000000
0.929249500000000,0,3,0x00,0x00,0x00,#000000
0.929279500000000,0,4,0x00,0x00,0x00,#000000
0.929309500000000,0,5,0x00,0x00,0x00,#000000
0.929339500000000,0,6,0x00,0x00,0x00,#000000
0.929369500000000,0,7,0x00,0x00,0x00,#000000
0.929399510000000,0,8,0x00,0x00,0x00,#000000
0.929429510000000,0,9,0x00,0x00,0x00,#000000
0.929459510000000,0,10,0x00,0x00,0x00,#000000
0.929489510000000,0,11,0x00,0x00,0x00,#000000
0.929519510000000,0,12,0x00,0x00,0x00,#000000
0.929549510000000,0,13,0x00,0x00,0x00,#000000
0.929579510000000,0,14,0x00,0x00,0x00,#000000
0.929609510000000,0,15,0x00,0x00,0x00,#000000
0.940059580000000,0,0,0xFF,0x2E,0x00,#ff2e00
0.940089580000000,0,1,0x00,0x00,0x00,#000000
0.940119580000000,0,2,0x00,0x00,0x00,#000000
0.940149580000000,0,3,0x00,0x00,0x00,#000000
0.940179580000000,0,4,0x00,0x00,0x00,#000000
0.940209580000000,0,5,0x00,0x00,0x00,#000000
0.940239580000000,0,6,0x00,0x00,0x00,#000000
0.940269580000000,0,7,0x00,0x00,0x00,#000000
0.940299580000000,0,8,0x00,0x00,0x00,#000000
0.940329580000000,0,9,0x00,0x00,0x00,#000000
0.940359580000000,0,10,0x00,0x00,0x00,#000000
0.940389590000000,0,11,0x00,0x00,0x00,#000000
0.940419590000000,0,12,0x00,0x00,0x00,#000000
0.940449590000000,0,13,0x00,0x00,0x00,#000000
0.940479590000000,0,14,0x00,0x00,0x00,#000000
0.940509590000000,0,15,0x00,0x00,0x00,#000000
0.951300020000000,0,0,0xFF,0x2E,0x00,#ff2e00
0.951330020000000,0,1,0x00,0x00,0x00,#000000
0.951360020000000,0,2,0x00,0x00,0x00,#000000
0.951390020000000,0,3,0x00,0x00,0x00,#000000
0.951420020000000,0,4,0x00,0x00,0x00,#000000
0.951450020000000,0,5,0x00,0x00,0x00,#000000
0.951480020000000,0,6,0x00,0x00,0x00,#000000
0.951510020000000,0,7,0x00,0x00,0x00,#000000
0.951540020000000,0,8,0x00,0x00,0x00,#000000
0.951570020000000,0,9,0x00,0x00,0x00,#000000
0.951600020000000,0,10,0x00,0x00,0x00,#000000
0.951630020000000,0,11,0x00,0x00,0x00,#000000
0.951660020000000,0,12,0x00,0x00,0x00,#000000
0.951690020000000,0,13,0x00,0x00,0x00,#000000
0.951720030000000,0,14,0x00,0x00,0x00,#000000
0.951750030000000,0,15,0x00,0x00,0x00,#000000
0.962154940000000,0,0,0xFF,0x2E,0x00,#ff2e00
0.962184940000000,0,1,0x00,0x00,0x00,#000000
0.962214940000000,0,2,0x00,0x00,0x00,#000000
0.962244940000000,0,3,0x00,0x00,0x00,#000000
0.962274950000000,0,4,0x00,0x00,0x00,#000000
0.962304950000000,0,5,0x00,0x00,0x00,#000000
0.962334950000000,0,6,0x00,0x00,0x00,#000000
0.962364950000000,0,7,0x00,0x00,0x00,#000000
0.962394950000000,0,8,0x00,0x00,0x00,#000000
0.962424950000000,0,9,0x00,0x00,0x00,#000000
0.962454950000000,0,10,0x00,0x00,0x00,#000000
0.962484950000000,0,11,0x00,0x00,0x00,#000000
0.962514950000000,0,12,0x00,0x00,0x00,#000000
0.962544950000000,0,13,0x00,0x00,0x00,#000000
0.962574950000000,0,14,0x00,0x00,0x00,#000000
0.962604950000000,0,15,0x00,0x00,0x00,#000000
0.973059570000000,0,0,0xFF,0x2E,0x00,#ff2e00
0.973089570000000,0,1,0x00,0x00,0x00,#000000
0.973119570000000,0,2,0x00,0x00,0x00,#000000
0.973149570000000,0,3,0x00,0x00,0x00,#000000
0.973179570000000,0,4,0x00,0x00,0x00,#000000
0.973209570000000,0,5,0x00,0x00,0x00,#000000
0.973239570000000,0,6,0x00,0x00,0x00,#000000
0.973269580000000,0,7,0x00,0x00,0x00,#000000
0.973299580000000,0,8,0x00,0x00,0x00,#000000
0.973329580000000,0,9,0x00,0x00,0x00,#000000
0.973359580000000,0,10,0x00,0x00,0x00,#000000
0.973389580000000,0,11,0x00,0x00,0x00,#000000
0.973419580000000,0,12,0x00,0x00,0x00,#000000
0.973449580000000,0,13,0x00,0x00,0x00,#000000
0.973479580000000,0,14,0x00,0x00,0x00,#000000
0.973509580000000,0,15,0x00,0x00,0x00,#000000
0.984254610000000,0,0,0xFF,0x2E,0x00,#ff2e00
0.984284610000000,0,1,0x00,0x00,0x00,#000000
0.984314610000000,0,2,0x00,0x00,0x00,#000000
0.984344610000000,0,3,0x00,0x00,0x00,#000000
0.984374610000000,0,4,0x00,0x00,0x00,#000000
0.984404610000000,0,5,0x00,0x00,0x00,#000000
0.984434610000000,0,6,0x00,0x00,0x00,#000000
0.984464610000000,0,7,0x00,0x00,0x00,#000000
0.984494610000000,0,8,0x00,0x00,0x00,#000000
0.984524610000000,0,9,0x00,0x00,0x00,#000000
0.984554610000000,0,10,0x00,0x00,0x00,#000000
0.984584610000000,0,11,0x00,0x00,0x00,#000000
0.984614620000000,0,12,0x00,0x00,0x00,#000000
0.984644620000000,0,13,0x00,0x00,0x00,#000000
0.984674620000000,0,14,0x00,0x00,0x00,#000000
0.984704620000000,0,15,0x00,0x00,0x00,#000000
0.995150490000000,0,0,0xFF,0x2E,0x00,#ff2e00
0.995180480000000,0,1,0x00,0x00,0x00,#000000
0.995210490000000,0,2,0x00,0x00,0x00,#000000
0.995240490000000,0,3,0x00,0x00,0x00,#000000
0.995270490000000,0,4,0x00,0x00,0x00,#000000
0.995300490000000,0,5,0x00,0x00,0x00,#000000
0.995330490000000,0,6,0x00,0x00,0x00,#000000
0.995360490000000,0,7,0x00,0x00,0x00,#000000
0.995390490000000,0,8,0x00,0x00,0x00,#000000
0.995420490000000,0,9,0x00,0x00,0x00,#000000
0.995450490000000,0,10,0x00,0x00,0x00,#000000
0.995480490000000,0,11,0x00,0x00,0x00,#000000
0.995510490000000,0,12,0x00,0x00,0x00,#000000
0.995540490000000,0,13,0x00,0x00,0x00,#000000
0.995570500000000,0,14,0x00,0x00,0x00,#000000
0.995600500000000,0,15,0x00,0x00,0x00,#000000
1.006060410000000,0,0,0xFF,0x2E,0x00,#ff2e00
1.006090410000000,0,1,0x00,0x00,0x00,#000000
1.006120410000000,0,2,0x00,0x00,0x00,#000000
1.006150410000000,0,3,0x00,0x00,0x00,#000000
1.006180420000000,0,4,0x00,0x00,0x00,#000000
1.006210420000000,0,5,0x00,0x00,0x00,#000000
1.006240420000000,0,6,0x00,0x00,0x00,#000000
1.006270420000000,0,7,0x00,0x00,0x00,#000000
1.006300420000000,0,8,0x00,0x00,0x00,#000000
1.006330420000000,0,9,0x00,0x00,0x00,#000000
1.006360420000000,0,10,0x00,0x00,0x00,#000000
1.006390420000000,0,11,0x00,0x00,0x00,#000000
1.006420420000000,0,12,0x00,0x00,0x00,#000000
1.006450420000000,0,13,0x00,0x00,0x00,#000000
1.006480420000000,0,14,0x00,0x00,0x00,#000000
1.006510420000000,0,15,0x00,0x00,0x00,#000000
1.017288300000000,0,0,0xFF,0x2E,0x00,#ff2e00
1.017318300000000,0,1,0x00,0x00,0x00,#000000
1.017348300000000,0,2,0x00,0x00,0x00,#000000
1.017378300000000,0,3,0x00,0x00,0x00,#000000
1.017408300000000,0,4,0x00,0x00,0x00,#000000
1.017438300000000,0,5,0x00,0x00,0x00,#000000
1.017468300000000,0,6,0x00,0x00,0x00,#000000
1.017498310000000,0,7,0x00,0x00,0x00,#000000
1.017528310000000,0,8,0x00,0x00,0x00,#000000
1.017558310000000,0,9,0x00,0x00,0x00,#000000
1.017588310000000,0,10,0x00,0x00,0x00,#000000
1.017618310000000,0,11,0x00,0x00,0x00,#000000
1.017648310000000,0,12,0x00,0x00,0x00,#000000
1.017678310000000,0,13,0x00,0x00,0x00,#000000
1.017708310000000,0,14,0x00,0x00,0x00,#000000
1.017738310000000,0,15,0x00,0x00,0x00,#000000
1.028157680000000,0,0,0xFF,0x2E,0x00,#ff2e00
1.028187680000000,0,1,0x00,0x00,0x00,#000000
1.028217680000000,0,2,0x00,0x00,0x00,#000000
1.028247680000000,0,3,0x00,0x00,0x00,#000000
1.028277680000000,0,4,0x00,0x00,0x00,#000000
1.028307680000000,0,5,0x00,0x00,0x00,#000000
1.028337680000000,0,6,0x00,0x00,0x00,#000000
1.028367680000000,0,7,0x00,0x00,0x00,#000000
1.028397680000000,0,8,0x00,0x00,0x00,#000000
1.028427690000000,0,9,0x00,0x00,0x00,#000000
1.028457680000000,0,10,0x00,0x00,0x00,#000000
1.028487690000000,0,11,0x00,0x00,0x00,#000000
1.028517690000000,0,12,0x00,0x00,0x00,#000000
1.028547690000000,0,13,0x00,0x00,0x00,#000000
1.028577690000000,0,14,0x00,0x00,0x00,#000000
1.028607690000000,0,15,0x00,0x00,0x00,#000000
1.039061710000000,0,0,0xFF,0x2E,0x00,#ff2e00
1.039091710000000,0,1,0x00,0x00,0x00,#000000
1.039121710000000,0,2,0x00,0x00,0x00,#000000
1.039151710000000,0,3,0x00,0x00,0x00,#000000
1.039181710000000,0,4,0x00,0x00,0x00,#000000
1.039211710000000,0,5,0x00,0x00,0x00,#000000
1.039241710000000,0,6,0x00,0x00,0x00,#000000
1.039271710000000,0,7,0x00,0x00,0x00,#000000
1.039301710000000,0,8,0x00,0x00,0x00,#000000
1.039331710000000,0,9,0x00,0x00,0x00,#000000
1.039361710000000,0,10,0x00,0x00,0x00,#000000
1.039391710000000,0,11,0x00,0x00,0x00,#000000
1.039421710000000,0,12,0x00,0x00,0x00,#000000
1.039451720000000,0,13,0x00,0x00,0x00,#000000
1.039481720000000,0,14,0x00,0x00,0x00,#000000
1.039511720000000,0,15,0x00,0x00,0x00,#000000
1.050268590000000,0,0,0xFF,0x2E,0x00,#ff2e00
1.050298590000000,0,1,0x00,0x00,0x00,#000000
1.050328590000000,0,2,0x00,0x00,0x00,#000000
1.050358590000000,0,3,0x00,0x00,0x00,#000000
1.050388590000000,0,4,0x00,0x00,0x00,#000000
1.050418600000000,0,5,0x00,0x00,0x00,#000000
1.050448600000000,0,6,0x00,0x00,0x00,#000000
1.050478600000000,0,7,0x00,0x00,0x00,#000000
1.050508600000000,0,8,0x00,0x00,0x00,#000000
1.050538600000000,0,9,0x00,0x00,0x00,#000000
1.050568600000000,0,10,0x00,0x00,0x00,#000000
1.050598600000000,0,11,0x00,0x00,0x00,#000000
1.050628600000000,0,12,0x00,0x00,0x00,#000000
1.050658600000000,0,13,0x00,0x00,0x00,#000000
1.050688600000000,0,14,0x00,0x00,0x00,#000000
1.050718600000000,0,15,0x00,0x00,0x00,#000000
1.061152370000000,0,0,0xFF,0x2E,0x00,#ff2e00
1.061182370000000,0,1,0x00,0x00,0x00,#000000
1.061212370000000,0,2,0x00,0x00,0x00,#000000
1.061242370000000,0,3,0x00,0x00,0x00,#000000
1.061272370000000,0,4,0x00,0x00,0x00,#000000
1.061302370000000,0,5,0x00,0x00,0x00,#000000
1.061332370000000,0,6,0x00,0x00,0x00,#000000
1.061362380000000,0,7,0x00,0x00,0x00,#000000
1.061392380000000,0,8,0x00,0x00,0x00,#000000
1.061422380000000,0,9,0x00,0x00,0x00,#000000
1.061452380000000,0,10,0x00,0x00,0x00,#000000
1.061482380000000,0,11,0x00,0x00,0x00,#000000
1.061512380000000,0,12,0x00,0x00,0x00,#000000
1.061542380000000,0,13,0x00,0x00,0x00,#000000
1.061572380000000,0,14,0x00,0x00,0x00,#000000
1.061602380000000,0,15,0x00,0x00,0x00,#000000
1.072062100000000,0,0,0xFF,0x2E,0x00,#ff2e00
1.072092100000000,0,1,0x00,0x00,0x00,#000000
1.072122100000000,0,2,0x00,0x00,0x00,#000000
1.072152100000000,0,3,0x00,0x00,0x00,#000000
1.072182100000000,0,4,0x00,0x00,0x00,#000000
1.072212100000000,0,5,0x00,0x00,0x00,#000000
1.072242100000000,0,6,0x00,0x00,0x00,#000000
1.072272100000000,0,7,0x00,0x00,0x00,#000000
1.072302100000000,0,8,0x00,0x00,0x00,#000000
1.072332110000000,0,9,0x00,0x00,0x00,#000000
1.072362110000000,0,10,0x00,0x00,0x00,#000000
1.072392110000000,0,11,0x00,0x00,0x00,#000000
1.072422110000000,0,12,0x00,0x00,0x00,#000000
1.072452110000000,0,13,0x00,0x00,0x00,#000000
1.072482110000000,0,14,0x00,0x00,0x00,#000000
1.072512110000000,0,15,0x00,0x00,0x00,#000000
1.083240430000000,0,0,0xFF,0x2E,0x00,#ff2e00
1.083270430000000,0,1,0x00,0x00,0x00,#000000
1.083300440000000,0,2,0x00,0x00,0x00,#000000
1.083330440000000,0,3,0x00,0x00,0x00,#000000
1.083360440000000,0,4,0x00,0x00,0x00,#000000
1.083390440000000,0,5,0x00,0x00,0x00,#000000
1.083420440000000,0,6,0x00,0x00,0x00,#000000
1.083450440000000,0,7,0x00,0x00,0x00,#000000
1.083480440000000,0,8,0x00,0x00,0x00,#000000
1.083510440000000,0,9,0x00,0x00,0x00,#000000
1.083540440000000,0,10,0x00,0x00,0x00,#000000
1.083570440000000,0,11,0x00,0x00,0x00,#000000
1.083600440000000,0,12,0x00,0x00,0x00,#000000
1.083630440000000,0,13,0x00,0x00,0x00,#000000
1.083660440000000,0,14,0x00,0x00,0x00,#000000
1.083690450000000,0,15,0x00,0x00,0x00,#000000
1.094153060000000,0,0,0xFF,0x2E,0x00,#ff2e00
1.094183060000000,0,1,0x00,0x00,0x00,#000000
1.094213060000000,0,2,0x00,0x00,0x00,#000000
1.094243060000000,0,3,0x00,0x00,0x00,#000000
1.094273070000000,0,4,0x00,0x00,0x00,#000000
1.094303070000000,0,5,0x00,0x00,0x00,#000000
1.094333070000000,0,6,0x00,0x00,0x00,#000000
1.094363070000000,0,7,0x00,0x00,0x00,#000000
1.094393070000000,0,8,0x00,0x00,0x00,#000000
1.094423070000000,0,9,0x00,0x00,0x00,#000000
1.094453070000000,0,10,0x00,0x00,0x00,#000000
1.094483070000000,0,11,0x00,0x00,0x00,#000000
1.094513070000000,0,12,0x00,0x00,0x00,#000000
1.094543070000000,0,13,0x00,0x00,0x00,#000000
1.094573070000000,0,14,0x00,0x00,0x00,#000000
1.094603070000000,0,15,0x00,0x00,0x00,#000000
1.105062940000000,0,0,0xFF,0x2E,0x00,#ff2e00
1.105092940000000,0,1,0x00,0x00,0x00,#000000
1.105122940000000,0,2,0x00,0x00,0x00,#000000
1.105152940000000,0,3,0x00,0x00,0x00,#000000
1.105182940000000,0,4,0x00,0x00,0x00,#000000
1.105212940000000,0,5,0x00,0x00,0x00,#000000
1.105242950000000,0,6,0x00,0x00,0x00,#000000
1.105272950000000,0,7,0x00,0x00,0x00,#000000
1.105302950000000,0,8,0x00,0x00,0x00,#000000
1.105332950000000,0,9,0x00,0x00,0x00,#000000
1.105362950000000,0,10,0x00,0x00,0x00,#000000
1.105392950000000,0,11,0x00,0x00,0x00,#000000
1.105422950000000,0,12,0x00,0x00,0x00,#000000
1.105452950000000,0,13,0x00,0x00,0x00,#000000
1.105482950000000,0,14,0x00,0x00,0x00,#000000
1.105512950000000,0,15,0x00,0x00,0x00,#000000
1.116301130000000,0,0,0xFF,0x2E,0x00,#ff2e00
1.116331130000000,0,1,0x00,0x00,0x00,#000000
1.116361130000000,0,2,0x00,0x00,0x00,#000000
1.116391130000000,0,3,0x00,0x00,0x00,#000000
1.116421130000000,0,4,0x00,0x00,0x00,#000000
1.116451130000000,0,5,0x00,0x00,0x00,#000000
1.116481130000000,0,6,0x00,0x00,0x00,#000000
1.116511130000000,0,7,0x00,0x00,0x00,#000000
1.116541130000000,0,8,0x00,0x00,0x00,#000000
1.116571130000000,0,9,0x00,0x00,0x00,#000000
1.116601140000000,0,10,0x00,0x00,0x00,#000000
1.116631140000000,0,11,0x00,0x00,0x00,#000000
1.116661140000000,0,12,0x00,0x00,0x00,#000000
1.116691140000000,0,13,0x00,0x00,0x00,#000000
1.116721140000000,0,14,0x00,0x00,0x00,#000000
1.116751140000000,0,15,0x00,0x00,0x00,#000000
1.127151710000000,0,0,0xFF,0x2E,0x00,#ff2e00
1.127181710000000,0,1,0x00,0x00,0x00,#000000
1.127211710000000,0,2,0x00,0x00,0x00,#000000
1.127241710000000,0,3,0x00,0x00,0x00,#000000
1.127271710000000,0,4,0x00,0x00,0x00,#000000
1.127301710000000,0,5,0x00,0x00,0x00,#000000
1.127331710000000,0,6,0x00,0x00,0x00,#000000
1.127361710000000,0,7,0x00,0x00,0x00,#000000
1.127391710000000,0,8,0x00,0x00,0x00,#000000
1.127421710000000,0,9,0x00,0x00,0x00,#000000
1.127451710000000,0,10,0x00,0x00,0x00,#000000
1.127481710000000,0,11,0x00,0x00,0x00,#000000
1.127511710000000,0,12,0x00,0x00,0x00,#000000
1.127541710000000,0,13,0x00,0x00,0x00,#000000
1.127571720000000,0,14,0x00,0x00,0x00,#000000
1.127601720000000,0,15,0x00,0x00,0x00,#000000
1.138104040000000,0,0,0xFF,0x2E,0x00,#ff2e00
1.138134040000000,0,1,0x00,0x00,0x00,#000000
1.138164040000000,0,2,0x00,0x00,0x00,#000000
1.138194040000000,0,3,0x00,0x00,0x00,#000000
1.138224040000000,0,4,0x00,0x00,0x00,#000000
1.138254040000000,0,5,0x00,0x00,0x00,#000000
1.138284040000000,0,6,0x00,0x00,0x00,#000000
1.138314040000000,0,7,0x00,0x00,0x00,#000000
1.138344040000000,0,8,0x00,0x00,0x00,#000000
1.138374040000000,0,9,0x00,0x00,0x00,#000000
1.138404040000000,0,10,0x00,0x00,0x00,#000000
1.138434040000000,0,11,0x00,0x00,0x00,#000000
1.138464040000000,0,12,0x00,0x00,0x00,#000000
1.138494040000000,0,13,0x00,0x00,0x00,#000000
1.138524050000000,0,14,0x00,0x00,0x00,#000000
1.138554050000000,0,15,0x00,0x00,0x00,#000000
1.149306820000000,0,0,0xFF,0x2E,0x00,#ff2e00
1.149336820000000,0,1,0x00,0x00,0x00,#000000
1.149366820000000,0,2,0x00,0x00,0x00,#000000
1.149396820000000,0,3,0x00,0x00,0x00,#000000
1.149426820000000,0,4,0x00,0x00,0x00,#000000
1.149456820000000,0,5,0x00,0x00,0x00,#000000
1.149486830000000,0,6,0x00,0x00,0x00,#000000
1.149516830000000,0,7,0x00,0x00,0x00,#000000
1.149546830000000,0,8,0x00,0x00,0x00,#000000
1.149576830000000,0,9,0x00,0x00,0x00,#000000
1.149606830000000,0,10,0x00,0x00,0x00,#000000
1.149636830000000,0,11,0x00,0x00,0x00,#000000
1.149666830000000,0,12,0x00,0x00,0x00,#000000
1.149696830000000,0,13,0x00,0x00,0x00,#000000
1.149726830000000,0,14,0x00,0x00,0x00,#000000
1.149756830000000,0,15,0x00,0x00,0x00,#000000
1.160157700000000,0,0,0xFF,0x2E,0x00,#ff2e00
1.160187700000000,0,1,0x00,0x00,0x00,#000000
1.160217700000000,0,2,0x00,0x00,0x00,#000000
1.160247700000000,0,3,0x00,0x00,0x00,#000000
1.160277700000000,0,4,0x00,0x00,0x00,#000000
1.160307700000000,0,5,0x00,0x00,0x00,#000000
1.160337700000000,0,6,0x00,0x00,0x00,#000000
1.160367700000000,0,7,0x00,0x00,0x00,#000000
1.160397700000000,0,8,0x00,0x00,0x00,#000000
1.160427700000000,0,9,0x00,0x00,0x00,#000000
1.160457710000000,0,10,0x00,0x00,0x00,#000000
1.160487710000000,0,11,0x00,0x00,0x00,#000000
1.160517710000000,0,12,0x00,0x00,0x00,#000000
1.160547710000000,0,13,0x00,0x00,0x00,#000000
1.160577710000000,0,14,0x00,0x00,0x00,#000000
1.160607710000000,0,15,0x00,0x00,0x00,#000000
1.171064630000000,0,0,0xFF,0x2E,0x00,#ff2e00
1.171094630000000,0,1,0x00,0x00,0x00,#000000
1.171124630000000,0,2,0x00,0x00,0x00,#000000
1.171154630000000,0,3,0x00,0x00,0x00,#000000
1.171184630000000,0,4,0x00,0x00,0x00,#000000
1.171214630000000,0,5,0x00,0x00,0x00,#000000
1.171244630000000,0,6,0x00,0x00,0x00,#000000
1.171274630000000,0,7,0x00,0x00,0x00,#000000
1.171304630000000,0,8,0x00,0x00,0x00,#000000
1.171334630000000,0,9,0x00,0x00,0x00,#000000
1.171364630000000,0,10,0x00,0x00,0x00,#000000
1.171394630000000,0,11,0x00,0x00,0x00,#000000
1.171424640000000,0,12,0x00,0x00,0x00,#000000
1.171454640000000,0,13,0x00,0x00,0x00,#000000
1.171484640000000,0,14,0x00,0x00,0x00,#000000
1.171514640000000,0,15,0x00,0x00,0x00,#000000
1.182235260000000,0,0,0xFF,0x2E,0x00,#ff2e00
1.182265260000000,0,1,0x00,0x00,0x00,#000000
1.182295260000000,0,2,0x00,0x00,0x00,#000000
1.182325260000000,0,3,0x00,0x00,0x00,#000000
1.182355260000000,0,4,0x00,0x00,0x00,#000000
1.182385270000000,0,5,0x00,0x00,0x00,#000000
1.182415270000000,0,6,0x00,0x00,0x00,#000000
1.182445270000000,0,7,0x00,0x00,0x00,#000000
1.182475270000000,0,8,0x00,0x00,0x00,#000000
1.182505270000000,0,9,0x00,0x00,0x00,#000000
1.182535270000000,0,10,0x00,0x00,0x00,#000000
1.182565270000000,0,11,0x00,0x00,0x00,#000000
1.182595270000000,0,12,0x00,0x00,0x00,#000000
1.182625270000000,0,13,0x00,0x00,0x00,#000000
1.182655270000000,0,14,0x00,0x00,0x00,#000000
1.182685270000000,0,15,0x00,0x00,0x00,#000000
1.193156590000000,0,0,0xFF,0x2E,0x00,#ff2e00
1.193186590000000,0,1,0x00,0x00,0x00,#000000
1.193216590000000,0,2,0x00,0x00,0x00,#000000
1.193246590000000,0,3,0x00,0x00,0x00,#000000
1.193276590000000,0,4,0x00,0x00,0x00,#000000
1.193306590000000,0,5,0x00,0x00,0x00,#000000
1.193336590000000,0,6,0x00,0x00,0x00,#000000
1.193366600000000,0,7,0x00,0x00,0x00,#000000
1.193396600000000,0,8,0x00,0x00,0x00,#000000
1.193426600000000,0,9,0x00,0x00,0x00,#000000
1.193456600000000,0,10,0x00,0x00,0x00,#000000
1.193486600000000,0,11,0x00,0x00,0x00,#000000
1.193516600000000,0,12,0x00,0x00,0x00,#000000
1.193546600000000,0,13,0x00,0x00,0x00,#000000
1.193576600000000,0,14,0x00,0x00,0x00,#000000
1.193606600000000,0,15,0x00,0x00,0x00,#000000
1.204065470000000,0,0,0xFF,0x2E,0x00,#ff2e00
1.204095470000000,0,1,0x00,0x00,0x00,#000000
1.204125470000000,0,2,0x00,0x00,0x00,#000000
1.204155470000000,0,3,0x00,0x00,0x00,#000000
1.204185470000000,0,4,0x00,0x00,0x00,#000000
1.204215470000000,0,5,0x00,0x00,0x00,#000000
1.204245470000000,0,6,0x00,0x00,0x00,#000000
1.204275470000000,0,7,0x00,0x00,0x00,#000000
1.204305470000000,0,8,0x00,0x00,0x00,#000000
1.204335480000000,0,9,0x00,0x00,0x00,#000000
1.204365480000000,0,10,0x00,0x00,0x00,#000000
1.204395480000000,0,11,0x00,0x00,0x00,#000000
1.204425480000000,0,12,0x00,0x00,0x00,#000000
1.204455480000000,0,13,0x00,0x00,0x00,#000000
1.204485480000000,0,14,0x00,0x00,0x00,#000000
1.204515480000000,0,15,0x00,0x00,0x00,#000000
1.215293210000000,0,0,0xFF,0x2E,0x00,#ff2e00
1.215323210000000,0,1,0x00,0x00,0x00,#000000
1.215353210000000,0,2,0x00,0x00,0x00,#000000
1.215383210000000,0,3,0x00,0x00,0x00,#000000
1.215413210000000,0,4,0x00,0x00,0x00,#000000
1.215443210000000,0,5,0x00,0x00,0x00,#000000
1.215473210000000,0,6,0x00,0x00,0x00,#000000
1.215503210000000,0,7,0x00,0x00,0x00,#000000
1.215533210000000,0,8,0x00,0x00,0x00,#000000
1.215563210000000,0,9,0x00,0x00,0x00,#000000
1.215593210000000,0,10,0x00,0x00,0x00,#000000
1.215623210000000,0,11,0x00,0x00,0x00,#000000
1.215653210000000,0,12,0x00,0x00,0x00,#000000
1.215683220000000,0,13,0x00,0x00,0x00,#000000
1.215713220000000,0,14,0x00,0x00,0x00,#000000
1.215743220000000,0,15,0x00,0x00,0x00,#000000
1.226165480000000,0,0,0xFF,0x2E,0x00,#ff2e00
1.226195480000000,0,1,0x00,0x00,0x00,#000000
1.226225480000000,0,2,0x00,0x00,0x00,#000000
1.226255490000000,0,3,0x00,0x00,0x00,#000000
1.226285490000000,0,4,0x00,0x00,0x00,#000000
1.226315490000000,0,5,0x00,0x00,0x00,#000000
1.226345490000000,0,6,0x00,0x00,0x00,#000000
1.226375490000000,0,7,0x00,0x00,0x00,#000000
1.226405490000000,0,8,0x00,0x00,0x00,#000000
1.226435490000000,0,9,0x00,0x00,0x00,#000000
1.226465490000000,0,10,0x00,0x00,0x00,#000000
1.226495490000000,0,11,0x00,0x00,0x00,#000000
1.226525490000000,0,12,0x00,0x00,0x00,#000000
1.226555490000000,0,13,0x00,0x00,0x00,#000000
1.226585490000000,0,14,0x00,0x00,0x00,#000000
1.226615490000000,0,15,0x00,0x00,0x00,#000000
1.237080060000000,0,0,0xFF,0x2E,0x00,#ff2e00
1.237110060000000,0,1,0x00,0x00,0x00,#000000
1.237140060000000,0,2,0x00,0x00,0x00,#000000
1.237170060000000,0,3,0x00,0x00,0x00,#000000
1.237200060000000,0,4,0x00,0x00,0x00,#000000
1.237230070000000,0,5,0x00,0x00,0x00,#000000
1.237260070000000,0,6,0x00,0x00,0x00,#000000
1.237290070000000,0,7,0x00,0x00,0x00,#000000
1.237320070000000,0,8,0x00,0x00,0x00,#000000
1.237350070000000,0,9,0x00,0x00,0x00,#000000
1.237380070000000,0,10,0x00,0x00,0x00,#000000
1.237410070000000,0,11,0x00,0x00,0x00,#000000
1.237440070000000,0,12,0x00,0x00,0x00,#000000
1.237470070000000,0,13,0x00,0x00,0x00,#000000
1.237500070000000,0,14,0x00,0x00,0x00,#000000
1.237530070000000,0,15,0x00,0x00,0x00,#000000
1.248411350000000,0,0,0xFF,0x2E,0x00,#ff2e00
1.248441350000000,0,1,0x00,0x00,0x00,#000000
1.248471350000000,0,2,0x00,0x00,0x00,#000000
1.248501350000000,0,3,0x00,0x00,0x00,#000000
1.248531350000000,0,4,0x00,0x00,0x00,#000000
1.248561350000000,0,5,0x00,0x00,0x00,#000000
1.248591360000000,0,6,0x00,0x00,0x00,#000000
1.248621360000000,0,7,0x00,0x00,0x00,#000000
1.248651360000000,0,8,0x00,0x00,0x00,#000000
1.248681360000000,0,9,0x00,0x00,0x00,#000000
1.248711360000000,0,10,0x00,0x00,0x00,#000000
1.248741360000000,0,11,0x00,0x00,0x00,#000000
1.248771360000000,0,12,0x00,0x00,0x00,#000000
1.248801360000000,0,13,0x00,0x00,0x00,#000000
1.248831360000000,0,14,0x00,0x00,0x00,#000000
1.248861360000000,0,15,0x00,0x00,0x00,#000000
1.259167830000000,0,0,0xFF,0x2E,0x00,#ff2e00
1.259197830000000,0,1,0x00,0x00,0x00,#000000
1.259227830000000,0,2,0x00,0x00,0x00,#000000
1.259257830000000,0,3,0x00,0x00,0x00,#000000
1.259287830000000,0,4,0x00,0x00,0x00,#000000
1.259317830000000,0,5,0x00,0x00,0x00,#000000
1.259347830000000,0,6,0x00,0x00,0x00,#000000
1.259377830000000,0,7,0x00,0x00,0x00,#000000
1.259407830000000,0,8,0x00,0x00,0x00,#000000
1.259437830000000,0,9,0x00,0x00,0x00,#000000
1.259467830000000,0,10,0x00,0x00,0x00,#000000
1.259497830000000,0,11,0x00,0x00,0x00,#000000
1.259527830000000,0,12,0x00,0x00,0x00,#000000
1.259557840000000,0,13,0x00,0x00,0x00,#000000
1.259587840000000,0,14,0x00,0x00,0x00,#000000
1.259617840000000,0,15,0x00,0x00,0x00,#000000
1.270067150000000,0,0,0xFF,0x2E,0x00,#ff2e00
1.270097150000000,0,1,0x00,0x00,0x00,#000000
1.270127160000000,0,2,0x00,0x00,0x00,#000000
1.270157160000000,0,3,0x00,0x00,0x00,#000000
1.270187160000000,0,4,0x00,0x00,0x00,#000000
1.270217160000000,0,5,0x00,0x00,0x00,#000000
1.270247160000000,0,6,0x00,0x00,0x00,#000000
1.270277160000000,0,7,0x00,0x00,0x00,#000000
1.270307160000000,0,8,0x00,0x00,0x00,#000000
1.270337160000000,0,9,0x00,0x00,0x00,#000000
1.270367160000000,0,10,0x00,0x00,0x00,#000000
1.270397160000000,0,11,0x00,0x00,0x00,#000000
1.270427160000000,0,12,0x00,0x00,0x00,#000000
1.270457160000000,0,13,0x00,0x00,0x00,#000000
1.270487160000000,0,14,0x00,0x00,0x00,#000000
1.270517170000000,0,15,0x00,0x00,0x00,#000000
1.281264090000000,0,0,0xFF,0x2E,0x00,#ff2e00
1.281294090000000,0,1,0x00,0x00,0x00,#000000
1.281324090000000,0,2,0x00,0x00,0x00,#000000
1.281354090000000,0,3,0x00,0x00,0x00,#000000
1.281384090000000,0,4,0x00,0x00,0x00,#000000
1.281414090000000,0,5,0x00,0x00,0x00,#000000
1.281444090000000,0,6,0x00,0x00,0x00,#000000
1.281474100000000,0,7,0x00,0x00,0x00,#000000
1.281504100000000,0,8,0x00,0x00,0x00,#000000
1.281534100000000,0,9,0x00,0x00,0x00,#000000
1.281564100000000,0,10,0x00,0x00,0x00,#000000
1.281594100000000,0,11,0x00,0x00,0x00,#000000
1.281624100000000,0,12,0x00,0x00,0x00,#000000
1.281654100000000,0,13,0x00,0x00,0x00,#000000
1.281684100000000,0,14,0x00,0x00,0x00,#000000
1.281714100000000,0,15,0x00,0x00,0x00,#000000
1.292162770000000,0,0,0xFF,0x2E,0x00,#ff2e00
1.292192770000000,0,1,0x00,0x00,0x00,#000000
1.292222770000000,0,2,0x00,0x00,0x00,#000000
1.292252770000000,0,3,0x00,0x00,0x00,#000000
1.292282770000000,0,4,0x00,0x00,0x00,#000000
1.292312770000000,0,5,0x00,0x00,0x00,#000000
1.292342770000000,0,6,0x00,0x00,0x00,#000000
1.292372770000000,0,7,0x00,0x00,0x00,#000000
1.292402770000000,0,8,0x00,0x00,0x00,#000000
1.292432770000000,0,9,0x00,0x00,0x00,#000000
1.292462780000000,0,10,0x00,0x00,0x00,#000000
1.292492780000000,0,11,0x00,0x00,0x00,#000000
1.292522780000000,0,12,0x00,0x00,0x00,#000000
1.292552780000000,0,13,0x00,0x00,0x00,#000000
1.292582780000000,0,14,0x00,0x00,0x00,#000000
1.292612780000000,0,15,0x00,0x00,0x00,#000000
1.303068000000000,0,0,0xFF,0x2E,0x00,#ff2e00
1.303098000000000,0,1,0x00,0x00,0x00,#000000
1.303128000000000,0,2,0x00,0x00,0x00,#000000
1.303158000000000,0,3,0x00,0x00,0x00,#000000
1.303188000000000,0,4,0x00,0x00,0x00,#000000
1.303218000000000,0,5,0x00,0x00,0x00,#000000
1.303248000000000,0,6,0x00,0x00,0x00,#000000
1.303278000000000,0,7,0x00,0x00,0x00,#000000
1.303308000000000,0,8,0x00,0x00,0x00,#000000
1.303338000000000,0,9,0x00,0x00,0x00,#000000
1.303368000000000,0,10,0x00,0x00,0x00,#000000
1.303398010000000,0,11,0x00,0x00,0x00,#000000
1.303428010000000,0,12,0x00,0x00,0x00,#000000
1.303458010000000,0,13,0x00,0x00,0x00,#000000
1.303488010000000,0,14,0x00,0x00,0x00,#000000
1.303518010000000,0,15,0x00,0x00,0x00,#000000
1.314306980000000,0,0,0xFF,0x2E,0x00,#ff2e00
1.314336980000000,0,1,0x00,0x00,0x00,#000000
1.314366980000000,0,2,0x00,0x00,0x00,#000000
1.314396990000000,0,3,0x00,0x00,0x00,#000000
1.314426990000000,0,4,0x00,0x00,0x00,#000000
1.314456990000000,0,5,0x00,0x00,0x00,#000000
1.314486990000000,0,6,0x00,0x00,0x00,#000000
1.314516990000000,0,7,0x00,0x00,0x00,#000000
1.314546990000000,0,8,0x00,0x00,0x00,#000000
1.314576990000000,0,9,0x00,0x00,0x00,#000000
1.314606990000000,0,10,0x00,0x00,0x00,#000000
1.314636990000000,0,11,0x00,0x00,0x00,#000000
1.314666990000000,0,12,0x00,0x00,0x00,#000000
1.314696990000000,0,13,0x00,0x00,0x00,#000000
1.314726990000000,0,14,0x00,0x00,0x00,#000000
1.314756990000000,0,15,0x00,0x00,0x00,#000000
1.325158860000000,0,0,0xFF,0x2E,0x00,#ff2e00
1.325188860000000,0,1,0x00,0x00,0x00,#000000
1.325218860000000,0,2,0x00,0x00,0x00,#000000
1.325248860000000,0,3,0x00,0x00,0x00,#000000
1.325278860000000,0,4,0x00,0x00,0x00,#000000
1.325308860000000,0,5,0x00,0x00,0x00,#000000
1.325338870000000,0,6,0x00,0x00,0x00,#000000
1.325368870000000,0,7,0x00,0x00,0x00,#000000
1.325398870000000,0,8,0x00,0x00,0x00,#000000
1.325428870000000,0,9,0x00,0x00,0x00,#000000
1.325458870000000,0,10,0x00,0x00,0x00,#000000
1.325488870000000,0,11,0x00,0x00,0x00,#000000
1.325518870000000,0,12,0x00,0x00,0x00,#000000
1.325548870000000,0,13,0x00,0x00,0x00,#000000
1.325578870000000,0,14,0x00,0x00,0x00,#000000
1.325608870000000,0,15,0x00,0x00,0x00,#000000
1.336068840000000,0,0,0xFF,0x2E,0x00,#ff2e00
1.336098840000000,0,1,0x00,0x00,0x00,#000000
1.336128840000000,0,2,0x00,0x00,0x00,#000000
1.336158840000000,0,3,0x00,0x00,0x00,#000000
1.336188840000000,0,4,0x00,0x00,0x00,#000000
1.336218840000000,0,5,0x00,0x00,0x00,#000000
1.336248840000000,0,6,0x00,0x00,0x00,#000000
1.336278840000000,0,7,0x00,0x00,0x00,#000000
1.336308840000000,0,8,0x00,0x00,0x00,#000000
1.336338850000000,0,9,0x00,0x00,0x00,#000000
1.336368850000000,0,10,0x00,0x00,0x00,#000000
1.336398850000000,0,11,0x00,0x00,0x00,#000000
1.336428850000000,0,12,0x00,0x00,0x00,#000000
1.336458850000000,0,13,0x00,0x00,0x00,#000000
1.336488850000000,0,14,0x00,0x00,0x00,#000000
1.336518850000000,0,15,0x00,0x00,0x00,#000000
1.347358380000000,0,0,0xFF,0x2E,0x00,#ff2e00
1.347388380000000,0,1,0x00,0x00,0x00,#000000
1.347418380000000,0,2,0x00,0x00,0x00,#000000
1.347448380000000,0,3,0x00,0x00,0x00,#000000
1.347478380000000,0,4,0x00,0x00,0x00,#000000
1.347508380000000,0,5,0x00,0x00,0x00,#000000
1.347538380000000,0,6,0x00,0x00,0x00,#000000
1.347568380000000,0,7,0x00,0x00,0x00,#000000
1.347598380000000,0,8,0x00,0x00,0x00,#000000
1.347628380000000,0,9,0x00,0x00,0x00,#000000
1.347658380000000,0,10,0x00,0x00,0x00,#000000
1.347688390000000,0,11,0x00,0x00,0x00,#000000
1.347718390000000,0,12,0x00,0x00,0x00,#000000
1.347748390000000,0,13,0x00,0x00,0x00,#000000
1.347778390000000,0,14,0x00,0x00,0x00,#000000
1.347808390000000,0,15,0x00,0x00,0x00,#000000
1.358164200000000,0,0,0xFF,0x2E,0x00,#ff2e00
1.358194200000000,0,1,0x00,0x00,0x00,#000000
1.358224200000000,0,2,0x00,0x00,0x00,#000000
1.358254210000000,0,3,0x00,0x00,0x00,#000000
1.358284210000000,0,4,0x00,0x00,0x00,#000000
1.358314210000000,0,5,0x00,0x00,0x00,#000000
1.358344210000000,0,6,0x00,0x00,0x00,#000000
1.358374210000000,0,7,0x00,0x00,0x00,#000000
1.358404210000000,0,8,0x00,0x00,0x00,#000000
1.358434210000000,0,9,0x00,0x00,0x00,#000000
1.358464210000000,0,10,0x00,0x00,0x00,#000000
1.358494210000000,0,11,0x00,0x00,0x00,#000000
1.358524210000000,0,12,0x00,0x00,0x00,#000000
1.358554210000000,0,13,0x00,0x00,0x00,#000000
1.358584210000000,0,14,0x00,0x00,0x00,#000000
1.358614210000000,0,15,0x00,0x00,0x00,#000000
1.369186990000000,0,0,0xFF,0x2E,0x00,#ff2e00
1.369216980000000,0,1,0x00,0x00,0x00,#000000
1.369246990000000,0,2,0x00,0x00,0x00,#000000
1.369276990000000,0,3,0x00,0x00,0x00,#000000
1.369306990000000,0,4,0x00,0x00,0x00,#000000
1.369336990000000,0,5,0x00,0x00,0x00,#000000
1.369366990000000,0,6,0x00,0x00,0x00,#000000
1.369396990000000,0,7,0x00,0x00,0x00,#000000
1.369426990000000,0,8,0x00,0x00,0x00,#000000
1.369456990000000,0,9,0x00,0x00,0x00,#000000
1.369486990000000,0,10,0x00,0x00,0x00,#000000
1.369516990000000,0,11,0x00,0x00,0x00,#000000
1.369546990000000,0,12,0x00,0x00,0x00,#000000
1.369576990000000,0,13,0x00,0x00,0x00,#000000
1.369607000000000,0,14,0x00,0x00,0x00,#000000
1.369637000000000,0,15,0x00,0x00,0x00,#000000
1.380294920000000,0,0,0xFF,0x2E,0x00,#ff2e00
1.380324920000000,0,1,0x00,0x00,0x00,#000000
1.380354920000000,0,2,0x00,0x00,0x00,#000000
1.380384920000000,0,3,0x00,0x00,0x00,#000000
1.380414920000000,0,4,0x00,0x00,0x00,#000000
1.380444920000000,0,5,0x00,0x00,0x00,#000000
1.380474920000000,0,6,0x00,0x00,0x00,#000000
1.380504920000000,0,7,0x00,0x00,0x00,#000000
1.380534920000000,0,8,0x00,0x00,0x00,#000000
1.380564920000000,0,9,0x00,0x00,0x00,#000000
1.380594930000000,0,10,0x00,0x00,0x00,#000000
1.380624930000000,0,11,0x00,0x00,0x00,#000000
1.380654930000000,0,12,0x00,0x00,0x00,#000000
1.380684930000000,0,13,0x00,0x00,0x00,#000000
1.380714930000000,0,14,0x00,0x00,0x00,#000000
1.380744930000000,0,15,0x00,0x00,0x00,#000000
1.391164800000000,0,0,0xFF,0x2E,0x00,#ff2e00
1.391194800000000,0,1,0x00,0x00,0x00,#000000
1.391224800000000,0,2,0x00,0x00,0x00,#000000
1.391254800000000,0,3,0x00,0x00,0x00,#000000
1.391284800000000,0,4,0x00,0x00,0x00,#000000
1.391314800000000,0,5,0x00,0x00,0x00,#000000
1.391344800000000,0,6,0x00,0x00,0x00,#000000
1.391374800000000,0,7,0x00,0x00,0x00,#000000
1.391404800000000,0,8,0x00,0x00,0x00,#000000
1.391434800000000,0,9,0x00,0x00,0x00,#000000
1.391464800000000,0,10,0x00,0x00,0x00,#000000
1.391494800000000,0,11,0x00,0x00,0x00,#000000
1.391524800000000,0,12,0x00,0x00,0x00,#000000
1.391554810000000,0,13,0x00,0x00,0x00,#000000
1.391584810000000,0,14,0x00,0x00,0x00,#000000
1.391614810000000,0,15,0x00,0x00,0x00,#000000
1.402070530000000,0,0,0xFF,0x2E,0x00,#ff2e00
1.402100520000000,0,1,0x00,0x00,0x00,#000000
1.402130530000000,0,2,0x00,0x00,0x00,#000000
1.402160530000000,0,3,0x00,0x00,0x00,#000000
1.402190530000000,0,4,0x00,0x00,0x00,#000000
1.402220530000000,0,5,0x00,0x00,0x00,#000000
1.402250530000000,0,6,0x00,0x00,0x00,#000000
1.402280530000000,0,7,0x00,0x00,0x00,#000000
1.402310530000000,0,8,0x00,0x00,0x00,#000000
1.402340530000000,0,9,0x00,0x00,0x00,#000000
1.402370530000000,0,10,0x00,0x00,0x00,#000000
1.402400530000000,0,11,0x00,0x00,0x00,#000000
1.402430530000000,0,12,0x00,0x00,0x00,#000000
1.402460530000000,0,13,0x00,0x00,0x00,#000000
1.402490530000000,0,14,0x00,0x00,0x00,#000000
1.402520540000000,0,15,0x00,0x00,0x00,#000000
1.413312860000000,0,0,0xFF,0x2E,0x00,#ff2e00
1.413342860000000,0,1,0x00,0x00,0x00,#000000
1.413372860000000,0,2,0x00,0x00,0x00,#000000
1.413402860000000,0,3,0x00,0x00,0x00,#000000
1.413432860000000,0,4,0x00,0x00,0x00,#000000
1.413462860000000,0,5,0x00,0x00,0x00,#000000
1.413492870000000,0,6,0x00,0x00,0x00,#000000
1.413522870000000,0,7,0x00,0x00,0x00,#000000
1.413552870000000,0,8,0x00,0x00,0x00,#000000
1.413582870000000,0,9,0x00,0x00,0x00,#000000
1.413612870000000,0,10,0x00,0x00,0x00,#000000
1.413642870000000,0,11,0x00,0x00,0x00,#000000
1.413672870000000,0,12,0x00,0x00,0x00,#000000
1.413702870000000,0,13,0x00,0x00,0x00,#000000
1.413732870000000,0,14,0x00,0x00,0x00,#000000
1.413762870000000,0,15,0x00,0x00,0x00,#000000
1.424168340000000,0,0,0xFF,0x2E,0x00,#ff2e00
1.424198340000000,0,1,0x00,0x00,0x00,#000000
1.424228340000000,0,2,0x00,0x00,0x00,#000000
1.424258340000000,0,3,0x00,0x00,0x00,#000000
1.424288340000000,0,4,0x00,0x00,0x00,#000000
1.424318340000000,0,5,0x00,0x00,0x00,#000000
1.424348340000000,0,6,0x00,0x00,0x00,#000000
1.424378340000000,0,7,0x00,0x00,0x00,#000000
1.424408340000000,0,8,0x00,0x00,0x00,#000000
1.424438350000000,0,9,0x00,0x00,0x00,#000000
1.424468350000000,0,10,0x00,0x00,0x00,#000000
1.424498350000000,0,11,0x00,0x00,0x00,#000000
1.424528350000000,0,12,0x00,0x00,0x00,#000000
1.424558350000000,0,13,0x00,0x00,0x00,#000000
1.424588350000000,0,14,0x00,0x00,0x00,#000000
1.424618350000000,0,15,0x00,0x00,0x00,#000000
1.435072870000000,0,0,0xFF,0x2E,0x00,#ff2e00
1.435102870000000,0,1,0x00,0x00,0x00,#000000
1.435132870000000,0,2,0x00,0x00,0x00,#000000
1.435162870000000,0,3,0x00,0x00,0x00,#000000
1.435192870000000,0,4,0x00,0x00,0x00,#000000
1.435222870000000,0,5,0x00,0x00,0x00,#000000
1.435252870000000,0,6,0x00,0x00,0x00,#000000
1.435282870000000,0,7,0x00,0x00,0x00,#000000
1.435312870000000,0,8,0x00,0x00,0x00,#000000
1.435342870000000,0,9,0x00,0x00,0x00,#000000
1.435372870000000,0,10,0x00,0x00,0x00,#000000
1.435402880000000,0,11,0x00,0x00,0x00,#000000
1.435432880000000,0,12,0x00,0x00,0x00,#000000
1.435462880000000,0,13,0x00,0x00,0x00,#000000
1.435492880000000,0,14,0x00,0x00,0x00,#000000
1.435522880000000,0,15,0x00,0x00,0x00,#000000
1.446363010000000,0,0,0xFF,0x2E,0x00,#ff2e00
1.446393010000000,0,1,0x00,0x00,0x00,#000000
1.446423010000000,0,2,0x00,0x00,0x00,#000000
1.446453010000000,0,3,0x00,0x00,0x00,#000000
1.446483010000000,0,4,0x00,0x00,0x00,#000000
1.446513010000000,0,5,0x00,0x00,0x00,#000000
1.446543010000000,0,6,0x00,0x00,0x00,#000000
1.446573010000000,0,7,0x00,0x00,0x00,#000000
1.446603010000000,0,8,0x00,0x00,0x00,#000000
1.446633010000000,0,9,0x00,0x00,0x00,#000000
1.446663010000000,0,10,0x00,0x00,0x00,#000000
1.446693010000000,0,11,0x00,0x00,0x00,#000000
1.446723010000000,0,12,0x00,0x00,0x00,#000000
1.446753010000000,0,13,0x00,0x00,0x00,#000000
1.446783020000000,0,14,0x00,0x00,0x00,#000000
1.446813020000000,0,15,0x00,0x00,0x00,#000000
1.457163280000000,0,0,0xFF,0x2E,0x00,#ff2e00
1.457193280000000,0,1,0x00,0x00,0x00,#000000
1.457223280000000,0,2,0x00,0x00,0x00,#000000
1.457253280000000,0,3,0x00,0x00,0x00,#000000
1.457283280000000,0,4,0x00,0x00,0x00,#000000
1.457313280000000,0,5,0x00,0x00,0x00,#000000
1.457343290000000,0,6,0x00,0x00,0x00,#000000
1.457373290000000,0,7,0x00,0x00,0x00,#000000
1.457403290000000,0,8,0x00,0x00,0x00,#000000
1.457433290000000,0,9,0x00,0x00,0x00,#000000
1.457463290000000,0,10,0x00,0x00,0x00,#000000
1.457493290000000,0,11,0x00,0x00,0x00,#000000
1.457523290000000,0,12,0x00,0x00,0x00,#000000
1.457553290000000,0,13,0x00,0x00,0x00,#000000
1.457583290000000,0,14,0x00,0x00,0x00,#000000
1.457613290000000,0,15,0x00,0x00,0x00,#000000
